date,time,sym,bid,ask,bsiz,asiz,n,v,prc
2020-09-14,-360,CLX0,37.6,37.66,2,1,1,7,37.6
2020-09-14,-330,CLX0,37.59,37.61,3,8,437,717,37.5158298466
2020-09-14,-300,CLX0,37.59,37.61,3,16,105,174,37.6382183908
2020-09-14,-270,CLX0,37.68,37.7,4,7,35,53,37.6298113208
2020-09-14,-240,CLX0,37.72,37.74,11,8,80,122,37.7075409836
2020-09-14,-210,CLX0,37.69,37.7,1,24,191,278,37.7769064748
2020-09-14,-180,CLX0,37.66,37.67,4,14,61,83,37.6904819277
2020-09-14,-150,CLX0,37.72,37.73,6,5,150,230,37.6855652174
2020-09-14,-120,CLX0,37.78,37.79,14,3,97,143,37.7396503497
2020-09-14,-90,CLX0,37.9,37.91,21,3,255,431,37.8567285383
2020-09-14,-60,CLX0,37.89,37.9,6,3,57,131,37.8757251908
2020-09-14,-30,CLX0,37.91,37.93,12,20,110,180,37.9415555556
2020-09-14,0,CLX0,37.87,37.88,8,1,33,41,37.8758536585
2020-09-14,30,CLX0,37.83,37.85,17,17,40,49,37.8455102041
2020-09-14,60,CLX0,37.84,37.85,1,17,44,57,37.8712280702
2020-09-14,90,CLX0,37.79,37.8,1,19,72,96,37.8117708333
2020-09-14,120,CLX0,37.83,37.85,20,20,38,50,37.8378
2020-09-14,150,CLX0,37.73,37.75,10,30,199,320,37.789
2020-09-14,180,CLX0,37.67,37.68,8,4,172,277,37.709133574
2020-09-14,210,CLX0,37.89,37.9,15,1,270,450,37.7888666667
2020-09-14,240,CLX0,37.63,37.64,1,23,316,464,37.7426508621
2020-09-14,270,CLX0,37.43,37.45,38,10,451,798,37.5361779449
2020-09-14,300,CLX0,37.4,37.41,19,6,351,659,37.4185280728
2020-09-14,330,CLX0,37.27,37.29,34,27,394,691,37.291447178
2020-09-14,360,CLX0,37.29,37.31,26,37,410,640,37.2500625
2020-09-14,390,CLX0,37.36,37.37,17,4,226,392,37.3442091837
2020-09-14,420,CLX0,37.5,37.51,3,3,307,638,37.4494514107
2020-09-14,450,CLX0,37.58,37.59,4,3,213,464,37.558362069
2020-09-14,480,CLX0,37.62,37.63,6,5,378,985,37.6040913706
2020-09-14,510,CLX0,37.27,37.28,28,1,585,1139,37.3955750658
2020-09-14,540,CLX0,37.24,37.25,2,20,554,1084,37.2869372694
2020-09-14,570,CLX0,37.35,37.36,3,15,2573,5076,37.3310559496
2020-09-14,600,CLX0,37.52,37.54,54,14,1822,3458,37.3625853094
2020-09-14,630,CLX0,37.57,37.58,8,15,984,1933,37.5694257631
2020-09-14,660,CLX0,37.52,37.53,34,3,1271,2708,37.5242983752
2020-09-14,690,CLX0,37.35,37.36,4,8,1036,1843,37.4801465003
2020-09-14,720,CLX0,37.5,37.51,21,7,988,1930,37.4647098446
2020-09-14,750,CLX0,37.45,37.46,7,12,644,1299,37.5557890685
2020-09-14,780,CLX0,37.52,37.53,24,8,962,2287,37.4155706165
2020-09-14,810,CLX0,37.7,37.72,64,45,609,1373,37.6093736344
2020-09-14,840,CLX0,37.66,37.67,2,35,672,1452,37.6936983471
2020-09-14,870,CLX0,37.51,37.52,30,8,2857,6410,37.5756115445
2020-09-14,900,CLX0,37.49,37.51,41,31,900,1946,37.4970811922
2020-09-14,930,CLX0,37.51,37.53,28,32,168,291,37.5295532646
2020-09-14,960,CLX0,37.57,37.58,22,3,232,493,37.5979918864
2020-09-14,990,CLX0,37.59,37.6,1,11,72,139,37.5944604317
2020-09-14,1020,CLX0,37.54,37.56,1,1,,,
2020-09-14,-360,HOX0,1.1089,1.1117,1,1,0,0,
2020-09-14,-330,HOX0,1.1077,1.1083,2,2,159,201,1.10614179104
2020-09-14,-300,HOX0,1.1077,1.1083,1,1,14,19,1.10903157895
2020-09-14,-270,HOX0,1.1088,1.1095,5,5,5,6,1.10785
2020-09-14,-240,HOX0,1.1086,1.109,2,3,10,10,1.10889
2020-09-14,-210,HOX0,1.1066,1.1072,4,2,16,16,1.10926875
2020-09-14,-180,HOX0,1.106,1.1067,4,1,2,2,1.1069
2020-09-14,-150,HOX0,1.1076,1.1083,6,3,13,15,1.10755333333
2020-09-14,-120,HOX0,1.1097,1.1103,4,2,4,4,1.1088
2020-09-14,-90,HOX0,1.1131,1.1137,3,2,5,5,1.11176
2020-09-14,-60,HOX0,1.1126,1.1131,1,2,2,2,1.11295
2020-09-14,-30,HOX0,1.1141,1.1148,5,7,4,4,1.11465
2020-09-14,0,HOX0,1.1121,1.1127,4,2,7,7,1.11295714286
2020-09-14,30,HOX0,1.1112,1.1115,4,1,1,1,1.1114
2020-09-14,60,HOX0,1.1111,1.1114,4,2,4,4,1.111625
2020-09-14,90,HOX0,1.1094,1.1098,1,3,3,3,1.11003333333
2020-09-14,120,HOX0,1.1104,1.1109,3,3,0,0,
2020-09-14,150,HOX0,1.1076,1.1082,5,3,16,17,1.10944117647
2020-09-14,180,HOX0,1.1069,1.1074,6,2,4,4,1.107475
2020-09-14,210,HOX0,1.112,1.1125,2,2,17,18,1.11032222222
2020-09-14,240,HOX0,1.1053,1.1056,1,1,42,47,1.10708723404
2020-09-14,270,HOX0,1.1013,1.1017,2,4,112,123,1.10354146341
2020-09-14,300,HOX0,1.1009,1.1013,3,4,64,77,1.10062727273
2020-09-14,330,HOX0,1.0991,1.0996,6,2,17,23,1.09995652174
2020-09-14,360,HOX0,1.0988,1.0991,2,1,20,24,1.09848333333
2020-09-14,390,HOX0,1.101,1.1014,3,2,9,10,1.10126
2020-09-14,420,HOX0,1.1035,1.1039,2,4,51,72,1.10233055556
2020-09-14,450,HOX0,1.108,1.1083,2,1,21,22,1.10546818182
2020-09-14,480,HOX0,1.1082,1.1085,2,2,51,56,1.10875
2020-09-14,510,HOX0,1.1017,1.102,2,5,75,85,1.10315529412
2020-09-14,540,HOX0,1.0974,1.0975,1,3,264,336,1.10129404762
2020-09-14,570,HOX0,1.0994,1.0996,1,1,842,1068,1.09881891386
2020-09-14,600,HOX0,1.1029,1.1032,6,1,519,696,1.09853462644
2020-09-14,630,HOX0,1.1053,1.1056,6,2,351,440,1.10415090909
2020-09-14,660,HOX0,1.1038,1.1041,7,1,774,1085,1.10545198157
2020-09-14,690,HOX0,1.0998,1.1,1,2,451,524,1.10306583969
2020-09-14,720,HOX0,1.103,1.1033,1,2,750,900,1.10255077778
2020-09-14,750,HOX0,1.1043,1.1046,2,2,421,540,1.10575574074
2020-09-14,780,HOX0,1.1065,1.1067,1,2,441,751,1.10572942743
2020-09-14,810,HOX0,1.1129,1.1131,2,2,554,700,1.10988614286
2020-09-14,840,HOX0,1.1108,1.1112,10,8,381,456,1.1115372807
2020-09-14,870,HOX0,1.1085,1.1086,1,1,934,1191,1.1090511335
2020-09-14,900,HOX0,1.1066,1.1069,1,1,365,433,1.1072221709
2020-09-14,930,HOX0,1.1074,1.1076,1,3,60,99,1.10720606061
2020-09-14,960,HOX0,1.1085,1.1089,3,2,32,45,1.10884666667
2020-09-14,990,HOX0,1.1086,1.109,3,1,27,54,1.10902962963
2020-09-14,1020,HOX0,1.1073,1.1081,1,1,,,
2020-09-14,-360,RBX0,1.0855,1.0884,1,1,0,0,
2020-09-14,-330,RBX0,1.097,1.0975,1,1,152,169,1.09323846154
2020-09-14,-300,RBX0,1.095,1.0958,3,2,44,52,1.097725
2020-09-14,-270,RBX0,1.0942,1.095,1,2,22,25,1.094676
2020-09-14,-240,RBX0,1.0938,1.0948,2,1,7,7,1.09435714286
2020-09-14,-210,RBX0,1.0942,1.095,1,6,11,13,1.09513076923
2020-09-14,-180,RBX0,1.0946,1.0949,1,2,1,1,1.0952
2020-09-14,-150,RBX0,1.094,1.0948,2,3,11,11,1.09484545455
2020-09-14,-120,RBX0,1.0959,1.0965,1,45,7,8,1.0956875
2020-09-14,-90,RBX0,1.1001,1.1009,2,2,21,65,1.09721076923
2020-09-14,-60,RBX0,1.0978,1.0986,2,4,9,11,1.09845454545
2020-09-14,-30,RBX0,1.0983,1.0992,3,2,10,11,1.09851818182
2020-09-14,0,RBX0,1.0969,1.0978,1,2,6,8,1.09765
2020-09-14,30,RBX0,1.0957,1.0964,3,1,14,14,1.09619285714
2020-09-14,60,RBX0,1.0963,1.0971,2,1,16,17,1.09747058824
2020-09-14,90,RBX0,1.0953,1.0964,2,2,1,1,1.0964
2020-09-14,120,RBX0,1.0978,1.0981,2,1,3,3,1.09823333333
2020-09-14,150,RBX0,1.0942,1.0949,1,2,52,52,1.09725192308
2020-09-14,180,RBX0,1.0933,1.0939,1,6,7,7,1.09368571429
2020-09-14,210,RBX0,1.1015,1.1019,3,1,220,247,1.09914251012
2020-09-14,240,RBX0,1.0979,1.0983,2,2,88,108,1.09918796296
2020-09-14,270,RBX0,1.0935,1.094,1,2,332,387,1.09660206718
2020-09-14,300,RBX0,1.0918,1.0922,1,1,76,81,1.09208641975
2020-09-14,330,RBX0,1.0888,1.0894,1,1,49,50,1.089926
2020-09-14,360,RBX0,1.0876,1.0879,1,1,41,53,1.08826415094
2020-09-14,390,RBX0,1.0892,1.0897,3,2,24,41,1.08906585366
2020-09-14,420,RBX0,1.0903,1.0906,1,3,61,61,1.08914918033
2020-09-14,450,RBX0,1.0952,1.0955,1,5,26,28,1.09363571429
2020-09-14,480,RBX0,1.0944,1.0947,1,1,32,40,1.09584
2020-09-14,510,RBX0,1.088,1.0884,4,1,177,213,1.08872018779
2020-09-14,540,RBX0,1.0794,1.0797,1,1,325,381,1.08312047244
2020-09-14,570,RBX0,1.0852,1.0855,1,3,1032,1283,1.08439906469
2020-09-14,600,RBX0,1.0923,1.0926,2,1,954,1133,1.08737166814
2020-09-14,630,RBX0,1.0942,1.0946,5,1,470,537,1.09362811918
2020-09-14,660,RBX0,1.0928,1.0932,1,3,730,929,1.09422314316
2020-09-14,690,RBX0,1.0854,1.086,3,9,579,717,1.09087545328
2020-09-14,720,RBX0,1.086,1.0864,5,2,615,739,1.08653220568
2020-09-14,750,RBX0,1.0852,1.0859,4,14,312,438,1.0891956621
2020-09-14,780,RBX0,1.091,1.0914,5,2,648,1015,1.08712551724
2020-09-14,810,RBX0,1.0963,1.0966,1,4,451,567,1.09366825397
2020-09-14,840,RBX0,1.0958,1.0962,5,1,512,622,1.09654196141
2020-09-14,870,RBX0,1.0919,1.092,2,1,1521,2029,1.09147348448
2020-09-14,900,RBX0,1.0911,1.0915,3,2,230,277,1.09120722022
2020-09-14,930,RBX0,1.092,1.0922,1,2,62,66,1.09207575758
2020-09-14,960,RBX0,1.0924,1.0929,1,8,44,45,1.09286888889
2020-09-14,990,RBX0,1.0927,1.0931,3,2,25,25,1.093168
2020-09-14,1020,RBX0,1.0906,1.0923,1,1,,,
2020-09-15,-360,CLX0,37.57,37.59,2,2,0,0,
2020-09-15,-330,CLX0,37.68,37.7,9,5,74,107,37.6485981308
2020-09-15,-300,CLX0,37.67,37.68,6,1,43,78,37.6941025641
2020-09-15,-270,CLX0,37.6,37.62,27,7,45,110,37.6282727273
2020-09-15,-240,CLX0,37.61,37.62,14,2,112,221,37.6180090498
2020-09-15,-210,CLX0,37.48,37.49,5,13,229,443,37.5586455982
2020-09-15,-180,CLX0,37.54,37.55,5,8,121,249,37.4993172691
2020-09-15,-150,CLX0,37.56,37.57,4,24,158,300,37.5658333333
2020-09-15,-120,CLX0,37.61,37.62,16,2,198,348,37.6006034483
2020-09-15,-90,CLX0,37.56,37.58,19,26,156,247,37.6263967611
2020-09-15,-60,CLX0,37.51,37.53,15,29,203,285,37.5430526316
2020-09-15,-30,CLX0,37.57,37.58,3,20,169,236,37.5434745763
2020-09-15,0,CLX0,37.54,37.55,2,23,93,154,37.5747402597
2020-09-15,30,CLX0,37.55,37.56,3,20,80,114,37.55
2020-09-15,60,CLX0,37.58,37.59,4,23,64,113,37.5634513274
2020-09-15,90,CLX0,37.51,37.52,3,39,139,321,37.5402492212
2020-09-15,120,CLX0,37.51,37.52,5,29,198,368,37.4895380435
2020-09-15,150,CLX0,37.56,37.57,3,25,285,514,37.5535019455
2020-09-15,180,CLX0,37.48,37.49,1,33,229,379,37.5069656992
2020-09-15,210,CLX0,37.45,37.46,3,21,381,627,37.5107814992
2020-09-15,240,CLX0,37.48,37.49,31,1,621,971,37.4211637487
2020-09-15,270,CLX0,37.59,37.6,2,22,703,1205,37.497526971
2020-09-15,300,CLX0,37.73,37.75,29,38,1404,2630,37.7788365019
2020-09-15,330,CLX0,38.15,38.17,36,29,1139,2272,38.0592473592
2020-09-15,360,CLX0,38.18,38.19,16,6,651,1280,38.2093828125
2020-09-15,390,CLX0,38.19,38.2,1,36,462,759,38.1555335968
2020-09-15,420,CLX0,38.28,38.29,22,1,375,661,38.2265658094
2020-09-15,450,CLX0,38.04,38.05,32,2,463,802,38.1497381546
2020-09-15,480,CLX0,38.02,38.03,1,30,512,875,38.0930285714
2020-09-15,510,CLX0,37.96,37.97,4,40,900,1604,38.028840399
2020-09-15,540,CLX0,37.92,37.93,12,8,857,1608,37.9995335821
2020-09-15,570,CLX0,37.84,37.85,13,1,1982,4403,37.8287326823
2020-09-15,600,CLX0,37.84,37.85,49,5,2115,4993,37.8725896255
2020-09-15,630,CLX0,37.73,37.75,23,32,1424,3027,37.7539444995
2020-09-15,660,CLX0,37.83,37.84,6,19,1622,3491,37.8723231166
2020-09-15,690,CLX0,38.03,38.04,13,7,1528,3191,37.9051394547
2020-09-15,720,CLX0,38.09,38.1,24,11,2806,6810,38.2732599119
2020-09-15,750,CLX0,38.28,38.29,27,9,1095,2347,38.2522155944
2020-09-15,780,CLX0,38.58,38.59,59,1,1559,3649,38.4877774733
2020-09-15,810,CLX0,38.68,38.7,21,46,1576,3761,38.6785323052
2020-09-15,840,CLX0,38.67,38.68,2,40,1357,2847,38.6739866526
2020-09-15,870,CLX0,38.56,38.57,14,46,2718,6115,38.5353982011
2020-09-15,900,CLX0,38.69,38.71,44,47,727,1574,38.6001969504
2020-09-15,930,CLX0,38.61,38.62,31,4,320,678,38.6275663717
2020-09-15,960,CLX0,38.52,38.53,25,1,357,805,38.5220124224
2020-09-15,990,CLX0,38.55,38.56,4,8,142,264,38.5815530303
2020-09-15,1020,CLX0,38.64,38.66,1,2,,,
2020-09-15,-360,HOX0,1.1074,1.1095,1,1,0,0,
2020-09-15,-330,HOX0,1.1111,1.1122,1,4,24,27,1.11028888889
2020-09-15,-300,HOX0,1.1095,1.11,2,1,30,33,1.11020606061
2020-09-15,-270,HOX0,1.1084,1.1092,3,2,4,4,1.109125
2020-09-15,-240,HOX0,1.1089,1.1095,1,1,2,2,1.10915
2020-09-15,-210,HOX0,1.1054,1.106,3,1,8,10,1.10808
2020-09-15,-180,HOX0,1.1062,1.1067,1,2,2,2,1.1055
2020-09-15,-150,HOX0,1.1071,1.1078,2,4,0,0,
2020-09-15,-120,HOX0,1.1081,1.1087,3,2,0,0,
2020-09-15,-90,HOX0,1.1068,1.1073,5,1,4,6,1.10895
2020-09-15,-60,HOX0,1.1061,1.1066,1,3,0,0,
2020-09-15,-30,HOX0,1.1073,1.1078,3,2,8,8,1.106775
2020-09-15,0,HOX0,1.1068,1.1072,2,2,25,25,1.10742
2020-09-15,30,HOX0,1.1069,1.1072,1,1,14,14,1.10687142857
2020-09-15,60,HOX0,1.1069,1.1073,1,2,4,4,1.1069
2020-09-15,90,HOX0,1.1051,1.1055,2,1,5,5,1.10604
2020-09-15,120,HOX0,1.1045,1.1049,1,3,6,6,1.10441666667
2020-09-15,150,HOX0,1.1063,1.1067,1,3,10,13,1.10574615385
2020-09-15,180,HOX0,1.1046,1.1051,5,2,11,12,1.1049
2020-09-15,210,HOX0,1.1025,1.1028,1,2,24,29,1.10445172414
2020-09-15,240,HOX0,1.1018,1.1023,4,4,148,170,1.10013176471
2020-09-15,270,HOX0,1.104,1.1043,4,2,55,65,1.10232461538
2020-09-15,300,HOX0,1.1057,1.1061,1,6,154,202,1.10688465347
2020-09-15,330,HOX0,1.1142,1.1145,1,2,169,222,1.11147072072
2020-09-15,360,HOX0,1.115,1.1153,1,2,53,66,1.11592575758
2020-09-15,390,HOX0,1.1121,1.1125,7,2,38,42,1.11251666667
2020-09-15,420,HOX0,1.114,1.1144,2,5,71,81,1.11278024691
2020-09-15,450,HOX0,1.1072,1.1076,3,6,156,183,1.10994043716
2020-09-15,480,HOX0,1.1069,1.1073,9,1,89,94,1.10829468085
2020-09-15,510,HOX0,1.105,1.1054,1,7,204,237,1.10682700422
2020-09-15,540,HOX0,1.1029,1.1032,2,6,148,180,1.10554777778
2020-09-15,570,HOX0,1.1043,1.1044,1,2,710,965,1.10239865285
2020-09-15,600,HOX0,1.1041,1.1044,2,2,345,406,1.10582093596
2020-09-15,630,HOX0,1.1039,1.1042,6,3,366,442,1.10358371041
2020-09-15,660,HOX0,1.1045,1.1048,5,1,381,457,1.10598030635
2020-09-15,690,HOX0,1.1092,1.1095,4,5,515,630,1.10729587302
2020-09-15,720,HOX0,1.1066,1.1069,4,2,650,1025,1.11318253659
2020-09-15,750,HOX0,1.1092,1.1095,3,4,465,549,1.10936684882
2020-09-15,780,HOX0,1.1138,1.1141,5,2,437,511,1.11170254403
2020-09-15,810,HOX0,1.118,1.1184,10,4,393,469,1.11769232409
2020-09-15,840,HOX0,1.1165,1.1168,1,8,253,287,1.11719965157
2020-09-15,870,HOX0,1.1154,1.1157,4,2,698,855,1.11537298246
2020-09-15,900,HOX0,1.1185,1.1189,2,2,236,277,1.11690144404
2020-09-15,930,HOX0,1.1159,1.1161,1,2,215,231,1.11664329004
2020-09-15,960,HOX0,1.1146,1.115,3,3,98,113,1.1143920354
2020-09-15,990,HOX0,1.1151,1.1156,1,1,40,48,1.11560833333
2020-09-15,1020,HOX0,1.1125,1.1167,1,1,,,
2020-09-15,-360,RBX0,1.0938,1.0949,1,1,0,0,
2020-09-15,-330,RBX0,1.0965,1.0973,4,1,39,50,1.095988
2020-09-15,-300,RBX0,1.0962,1.0971,2,2,3,7,1.0978
2020-09-15,-270,RBX0,1.0949,1.0961,1,1,5,9,1.09617777778
2020-09-15,-240,RBX0,1.0955,1.0965,1,2,4,5,1.09594
2020-09-15,-210,RBX0,1.0928,1.0933,1,1,70,70,1.09301285714
2020-09-15,-180,RBX0,1.0936,1.0942,1,1,54,54,1.09248518519
2020-09-15,-150,RBX0,1.0941,1.0949,1,2,7,13,1.09500769231
2020-09-15,-120,RBX0,1.0954,1.0961,1,2,0,0,
2020-09-15,-90,RBX0,1.094,1.0945,2,1,92,102,1.09585
2020-09-15,-60,RBX0,1.092,1.0926,3,2,8,10,1.09352
2020-09-15,-30,RBX0,1.0925,1.093,1,1,10,12,1.09238333333
2020-09-15,0,RBX0,1.092,1.0927,2,2,4,4,1.0932
2020-09-15,30,RBX0,1.092,1.0926,2,1,3,3,1.0921
2020-09-15,60,RBX0,1.0923,1.0929,1,2,2,2,1.0923
2020-09-15,90,RBX0,1.0914,1.092,1,1,9,13,1.09167692308
2020-09-15,120,RBX0,1.0909,1.0915,1,2,1,1,1.0917
2020-09-15,150,RBX0,1.0926,1.0932,1,1,13,17,1.09204705882
2020-09-15,180,RBX0,1.0901,1.0908,1,2,15,19,1.09144210526
2020-09-15,210,RBX0,1.0877,1.0884,1,2,50,66,1.08961515152
2020-09-15,240,RBX0,1.088,1.0882,1,4,231,286,1.0867027972
2020-09-15,270,RBX0,1.0928,1.0934,4,5,288,404,1.09195767327
2020-09-15,300,RBX0,1.0955,1.096,2,1,100,118,1.09633813559
2020-09-15,330,RBX0,1.1036,1.104,1,1,103,116,1.10306206897
2020-09-15,360,RBX0,1.1043,1.1049,1,2,25,25,1.104676
2020-09-15,390,RBX0,1.1029,1.1034,2,1,63,78,1.10224487179
2020-09-15,420,RBX0,1.1047,1.105,4,2,42,61,1.10505245902
2020-09-15,450,RBX0,1.0974,1.0978,2,1,118,132,1.10191060606
2020-09-15,480,RBX0,1.0952,1.0957,4,1,99,106,1.09790660377
2020-09-15,510,RBX0,1.0938,1.0943,1,4,200,231,1.09457705628
2020-09-15,540,RBX0,1.092,1.0924,2,1,217,269,1.09559739777
2020-09-15,570,RBX0,1.0942,1.0945,1,3,789,1014,1.09187179487
2020-09-15,600,RBX0,1.0955,1.0958,3,1,528,630,1.09740761905
2020-09-15,630,RBX0,1.0961,1.0964,2,1,560,709,1.09472609309
2020-09-15,660,RBX0,1.098,1.0983,1,1,628,781,1.09961792574
2020-09-15,690,RBX0,1.1035,1.1039,1,2,647,875,1.10003531429
2020-09-15,720,RBX0,1.1047,1.1051,1,6,850,1142,1.10866690018
2020-09-15,750,RBX0,1.1093,1.1097,1,1,471,583,1.10889725557
2020-09-15,780,RBX0,1.1129,1.1132,2,3,356,431,1.11278955916
2020-09-15,810,RBX0,1.1159,1.1162,2,3,302,446,1.11560022422
2020-09-15,840,RBX0,1.1158,1.1162,4,1,238,282,1.11686489362
2020-09-15,870,RBX0,1.1204,1.1206,1,2,1425,1873,1.1183104645
2020-09-15,900,RBX0,1.1217,1.122,4,1,301,325,1.12102492308
2020-09-15,930,RBX0,1.12,1.1204,2,1,69,83,1.12089518072
2020-09-15,960,RBX0,1.1177,1.1182,2,1,50,77,1.11798181818
2020-09-15,990,RBX0,1.1188,1.1196,2,1,20,21,1.11971428571
2020-09-15,1020,RBX0,1.1086,1.117,1,1,,,
2020-09-16,-360,CLX0,38.61,38.65,1,2,0,0,
2020-09-16,-330,CLX0,38.72,38.73,4,3,294,637,38.7963736264
2020-09-16,-300,CLX0,38.71,38.73,6,11,80,159,38.6979245283
2020-09-16,-270,CLX0,38.65,38.66,1,10,77,163,38.6658895706
2020-09-16,-240,CLX0,38.78,38.8,4,15,129,212,38.6827830189
2020-09-16,-210,CLX0,38.75,38.77,21,19,472,693,38.7248629149
2020-09-16,-180,CLX0,38.7,38.71,4,23,261,358,38.7115083799
2020-09-16,-150,CLX0,38.87,38.88,12,5,629,1194,38.7769849246
2020-09-16,-120,CLX0,39.11,39.12,15,2,897,1868,38.994261242
2020-09-16,-90,CLX0,39.07,39.08,22,7,438,771,39.0438391699
2020-09-16,-60,CLX0,39.08,39.09,3,14,289,502,39.0642031873
2020-09-16,-30,CLX0,39.13,39.15,26,28,462,826,39.1771791768
2020-09-16,0,CLX0,39.24,39.25,15,2,328,583,39.2072727273
2020-09-16,30,CLX0,39.27,39.28,2,9,275,509,39.276502947
2020-09-16,60,CLX0,39.2,39.21,2,43,268,452,39.2293141593
2020-09-16,90,CLX0,39.21,39.22,15,10,172,240,39.2150416667
2020-09-16,120,CLX0,39.17,39.18,2,23,433,858,39.1894522145
2020-09-16,150,CLX0,39.28,39.29,24,8,716,1333,39.1659189797
2020-09-16,180,CLX0,39.37,39.38,6,25,1271,2779,39.3746059734
2020-09-16,210,CLX0,39.5,39.52,33,21,1168,2009,39.3895420607
2020-09-16,240,CLX0,39.42,39.43,12,3,997,1941,39.3981865018
2020-09-16,270,CLX0,39.6,39.61,17,9,1618,2789,39.5362638939
2020-09-16,300,CLX0,39.4,39.41,5,17,998,1718,39.5564144354
2020-09-16,330,CLX0,39.48,39.49,2,9,585,876,39.4729908676
2020-09-16,360,CLX0,39.38,39.39,7,14,569,833,39.411212485
2020-09-16,390,CLX0,39.45,39.46,6,17,521,905,39.4459337017
2020-09-16,420,CLX0,39.43,39.44,13,2,468,725,39.4082482759
2020-09-16,450,CLX0,39.34,39.35,4,33,725,1321,39.4227327782
2020-09-16,480,CLX0,39.39,39.4,6,17,417,606,39.3845214521
2020-09-16,510,CLX0,39.38,39.39,1,22,571,1075,39.3927348837
2020-09-16,540,CLX0,39.39,39.4,3,15,1697,3459,39.3238884071
2020-09-16,570,CLX0,39.6,39.61,8,41,3516,7205,39.5499236641
2020-09-16,600,CLX0,39.56,39.58,37,47,2849,5884,39.5131237254
2020-09-16,630,CLX0,39.7,39.71,7,5,4408,9117,39.7844049578
2020-09-16,660,CLX0,39.74,39.75,30,3,5464,10508,39.6261381804
2020-09-16,690,CLX0,40.01,40.02,2,12,4743,9755,40.0303300871
2020-09-16,720,CLX0,40.09,40.1,10,9,2355,4573,40.0654187623
2020-09-16,750,CLX0,40.31,40.32,43,2,2833,6345,40.2649802994
2020-09-16,780,CLX0,40.41,40.42,56,8,2360,5326,40.3293728877
2020-09-16,810,CLX0,40.17,40.18,26,1,2116,4803,40.2840537164
2020-09-16,840,CLX0,40.24,40.25,2,13,1198,2732,40.2233711567
2020-09-16,870,CLX0,40.41,40.43,46,74,4537,9736,40.4011020953
2020-09-16,900,CLX0,40.39,40.41,83,16,1497,2952,40.3972560976
2020-09-16,930,CLX0,40.5,40.51,22,11,785,1395,40.454172043
2020-09-16,960,CLX0,40.43,40.44,29,1,824,1683,40.405026738
2020-09-16,990,CLX0,40.47,40.48,9,20,732,1698,40.4945170789
2020-09-16,1020,CLX0,40.41,40.43,2,2,,,
2020-09-16,-360,HOX0,1.1158,1.1175,1,1,0,0,
2020-09-16,-330,HOX0,1.1162,1.1169,1,4,18,18,1.11918888889
2020-09-16,-300,HOX0,1.1156,1.1164,2,2,3,4,1.11525
2020-09-16,-270,HOX0,1.1144,1.1149,1,2,4,8,1.1150875
2020-09-16,-240,HOX0,1.117,1.118,2,1,5,5,1.11614
2020-09-16,-210,HOX0,1.1169,1.1172,1,1,28,29,1.11672413793
2020-09-16,-180,HOX0,1.1157,1.1163,1,2,5,5,1.11612
2020-09-16,-150,HOX0,1.1191,1.1197,3,2,15,18,1.11759444444
2020-09-16,-120,HOX0,1.1245,1.1249,2,2,18,25,1.121748
2020-09-16,-90,HOX0,1.1231,1.1236,2,1,15,20,1.12368
2020-09-16,-60,HOX0,1.123,1.1234,3,2,10,15,1.12264
2020-09-16,-30,HOX0,1.1247,1.1252,1,1,5,7,1.12661428571
2020-09-16,0,HOX0,1.1262,1.1267,2,2,5,5,1.12536
2020-09-16,30,HOX0,1.1266,1.1271,2,1,0,0,
2020-09-16,60,HOX0,1.1249,1.1253,1,1,1,1,1.1272
2020-09-16,90,HOX0,1.1249,1.1254,4,1,0,0,
2020-09-16,120,HOX0,1.1242,1.1246,2,1,5,6,1.1254
2020-09-16,150,HOX0,1.1271,1.1276,3,3,29,36,1.12588888889
2020-09-16,180,HOX0,1.1304,1.1309,3,1,36,40,1.13014
2020-09-16,210,HOX0,1.1333,1.1337,2,1,157,186,1.13227311828
2020-09-16,240,HOX0,1.1321,1.1325,4,1,71,77,1.13164415584
2020-09-16,270,HOX0,1.1354,1.1358,2,1,178,200,1.134951
2020-09-16,300,HOX0,1.1289,1.1291,1,1,98,108,1.13338518519
2020-09-16,330,HOX0,1.1301,1.1306,3,1,94,105,1.13002190476
2020-09-16,360,HOX0,1.1289,1.1293,3,5,90,117,1.1288008547
2020-09-16,390,HOX0,1.1305,1.1308,1,3,47,50,1.130626
2020-09-16,420,HOX0,1.1302,1.1305,1,7,66,73,1.12868219178
2020-09-16,450,HOX0,1.1309,1.1312,3,3,208,269,1.13212973978
2020-09-16,480,HOX0,1.1314,1.1317,1,3,47,58,1.13048965517
2020-09-16,510,HOX0,1.1307,1.1311,2,9,114,125,1.131564
2020-09-16,540,HOX0,1.1272,1.1274,4,1,403,472,1.12816186441
2020-09-16,570,HOX0,1.1296,1.1298,1,1,826,964,1.12968381743
2020-09-16,600,HOX0,1.1233,1.1236,1,3,898,1038,1.12451743738
2020-09-16,630,HOX0,1.1263,1.1266,1,3,966,1168,1.12786335616
2020-09-16,660,HOX0,1.1208,1.1211,6,2,1281,1549,1.12082194964
2020-09-16,690,HOX0,1.1243,1.1245,2,1,1145,1361,1.12554966936
2020-09-16,720,HOX0,1.1274,1.1277,5,1,613,735,1.12716231293
2020-09-16,750,HOX0,1.1312,1.1315,2,3,480,531,1.13123370998
2020-09-16,780,HOX0,1.1316,1.1319,1,6,411,453,1.13053134658
2020-09-16,810,HOX0,1.1262,1.1264,2,1,376,444,1.12878896396
2020-09-16,840,HOX0,1.131,1.1313,3,2,319,384,1.12971822917
2020-09-16,870,HOX0,1.1334,1.1338,2,3,1583,1966,1.13425961343
2020-09-16,900,HOX0,1.1321,1.1324,2,3,671,778,1.13324305913
2020-09-16,930,HOX0,1.1353,1.1356,3,3,165,249,1.134162249
2020-09-16,960,HOX0,1.134,1.1343,1,1,46,57,1.13371403509
2020-09-16,990,HOX0,1.1344,1.1347,2,4,161,240,1.13437333333
2020-09-16,1020,HOX0,1.1332,1.1345,1,1,,,
2020-09-16,-360,RBX0,1.1143,1.1171,1,2,0,0,
2020-09-16,-330,RBX0,1.1153,1.1162,1,1,16,17,1.11819411765
2020-09-16,-300,RBX0,1.1143,1.1151,1,1,2,2,1.11515
2020-09-16,-270,RBX0,1.1139,1.1144,1,1,6,6,1.11385
2020-09-16,-240,RBX0,1.1158,1.1169,1,2,4,4,1.115025
2020-09-16,-210,RBX0,1.1157,1.1164,1,2,24,27,1.11573703704
2020-09-16,-180,RBX0,1.1144,1.1152,3,1,3,3,1.11453333333
2020-09-16,-150,RBX0,1.1192,1.1198,1,3,14,20,1.11506
2020-09-16,-120,RBX0,1.125,1.1262,2,1,14,17,1.12287058824
2020-09-16,-90,RBX0,1.1244,1.1252,3,5,13,16,1.1241375
2020-09-16,-60,RBX0,1.1239,1.1245,3,1,3,3,1.12413333333
2020-09-16,-30,RBX0,1.1252,1.126,2,1,1,5,1.1264
2020-09-16,0,RBX0,1.1271,1.128,1,1,1,3,1.1252
2020-09-16,30,RBX0,1.1276,1.1284,1,1,3,3,1.1286
2020-09-16,60,RBX0,1.1257,1.1263,3,1,3,3,1.12653333333
2020-09-16,90,RBX0,1.1261,1.1268,2,1,7,7,1.12647142857
2020-09-16,120,RBX0,1.1255,1.1261,1,1,17,18,1.1257
2020-09-16,150,RBX0,1.1287,1.1294,3,1,7,7,1.12655714286
2020-09-16,180,RBX0,1.1299,1.1306,1,2,33,35,1.13036857143
2020-09-16,210,RBX0,1.1329,1.1336,2,2,50,61,1.13064918033
2020-09-16,240,RBX0,1.134,1.1343,3,1,80,93,1.13113978495
2020-09-16,270,RBX0,1.1369,1.1371,1,3,249,292,1.13592705479
2020-09-16,300,RBX0,1.1299,1.1305,1,2,92,105,1.13471904762
2020-09-16,330,RBX0,1.1325,1.133,3,1,98,109,1.13208073394
2020-09-16,360,RBX0,1.1312,1.1317,1,4,45,46,1.13096521739
2020-09-16,390,RBX0,1.1332,1.1339,1,1,134,153,1.13287385621
2020-09-16,420,RBX0,1.1336,1.1338,2,2,32,33,1.13196666667
2020-09-16,450,RBX0,1.1381,1.1386,2,4,510,539,1.1385
2020-09-16,480,RBX0,1.1355,1.1358,1,1,322,367,1.13615395095
2020-09-16,510,RBX0,1.1369,1.1372,1,1,199,214,1.13706261682
2020-09-16,540,RBX0,1.135,1.1353,3,1,222,270,1.13445925926
2020-09-16,570,RBX0,1.1379,1.1384,3,5,838,1077,1.13825626741
2020-09-16,600,RBX0,1.1371,1.1375,7,4,656,829,1.13625560917
2020-09-16,630,RBX0,1.1403,1.1413,2,1,1116,1345,1.14173903346
2020-09-16,660,RBX0,1.1435,1.1439,1,1,1664,1947,1.13987544941
2020-09-16,690,RBX0,1.1559,1.1563,2,6,1517,2015,1.15382655087
2020-09-16,720,RBX0,1.1581,1.1583,1,2,626,769,1.15734928479
2020-09-16,750,RBX0,1.1617,1.162,1,1,707,867,1.1630011534
2020-09-16,780,RBX0,1.1633,1.1636,1,2,911,1048,1.16074847328
2020-09-16,810,RBX0,1.1562,1.1566,4,2,583,751,1.15993888149
2020-09-16,840,RBX0,1.1621,1.1624,1,2,404,503,1.15982465209
2020-09-16,870,RBX0,1.1697,1.17,3,1,1844,2225,1.16710476404
2020-09-16,900,RBX0,1.172,1.1723,2,1,540,693,1.17055483405
2020-09-16,930,RBX0,1.1745,1.1749,5,2,249,293,1.17403890785
2020-09-16,960,RBX0,1.1739,1.1744,1,4,81,96,1.17325416667
2020-09-16,990,RBX0,1.1738,1.1743,2,2,240,292,1.17438116438
2020-09-16,1020,RBX0,1.1742,1.1755,1,1,,,
2020-09-17,-360,CLX0,40.44,40.45,1,1,2,5,40.416
2020-09-17,-330,CLX0,40.47,40.49,10,7,215,426,40.4278403756
2020-09-17,-300,CLX0,40.49,40.51,12,12,198,293,40.5132764505
2020-09-17,-270,CLX0,40.49,40.5,1,12,145,234,40.5012393162
2020-09-17,-240,CLX0,40.48,40.49,11,1,92,122,40.4839344262
2020-09-17,-210,CLX0,40.24,40.25,16,5,826,1444,40.3299930748
2020-09-17,-180,CLX0,40.35,40.36,3,23,669,1170,40.286008547
2020-09-17,-150,CLX0,40.47,40.48,4,10,810,1325,40.4123245283
2020-09-17,-120,CLX0,40.14,40.15,5,14,1400,2590,40.240023166
2020-09-17,-90,CLX0,40.11,40.13,12,16,611,916,40.1065720524
2020-09-17,-60,CLX0,40.1,40.11,4,9,551,880,40.1725227273
2020-09-17,-30,CLX0,39.85,39.86,15,1,1402,2673,39.9155443322
2020-09-17,0,CLX0,39.95,39.96,22,2,505,925,39.9694486486
2020-09-17,30,CLX0,39.92,39.93,18,5,411,722,39.9262742382
2020-09-17,60,CLX0,39.79,39.8,11,2,516,1022,39.8282387476
2020-09-17,90,CLX0,39.86,39.87,2,6,637,1251,39.8609352518
2020-09-17,120,CLX0,39.87,39.88,5,8,587,1088,39.9200183824
2020-09-17,150,CLX0,39.69,39.7,3,22,1207,2314,39.7581503889
2020-09-17,180,CLX0,39.77,39.78,2,23,632,1074,39.73216946
2020-09-17,210,CLX0,39.97,39.98,8,28,1447,2427,39.8729089411
2020-09-17,240,CLX0,40.05,40.06,15,4,1434,2565,40.0579025341
2020-09-17,270,CLX0,40.28,40.29,18,3,1687,2693,40.1900854066
2020-09-17,300,CLX0,40.1,40.11,11,8,1504,2484,40.1676247987
2020-09-17,330,CLX0,40.14,40.15,6,24,1137,1733,40.209711483
2020-09-17,360,CLX0,40.35,40.36,5,21,899,1426,40.2547475456
2020-09-17,390,CLX0,40.44,40.45,9,9,1415,2315,40.3703066955
2020-09-17,420,CLX0,40.38,40.39,4,21,1075,1829,40.429650082
2020-09-17,450,CLX0,40.49,40.51,35,21,1827,3276,40.5141544567
2020-09-17,480,CLX0,40.34,40.35,16,4,1257,1898,40.4534773446
2020-09-17,510,CLX0,40.2,40.22,11,21,2132,4219,40.2132282531
2020-09-17,540,CLX0,40.09,40.1,7,30,1794,3142,40.1223138129
2020-09-17,570,CLX0,40.22,40.23,11,21,4475,9240,40.1467997835
2020-09-17,600,CLX0,40.38,40.4,25,28,4426,9359,40.2047590555
2020-09-17,630,CLX0,40.93,40.94,10,9,8727,19826,40.8578795521
2020-09-17,660,CLX0,41.03,41.04,14,21,5455,11977,41.0964056108
2020-09-17,690,CLX0,41.27,41.28,4,31,5144,11807,41.2937282968
2020-09-17,720,CLX0,41.16,41.17,9,23,3595,8296,41.2212897782
2020-09-17,750,CLX0,41.16,41.17,8,26,3020,6808,41.1722679201
2020-09-17,780,CLX0,41.28,41.3,55,27,2066,4759,41.2198255936
2020-09-17,810,CLX0,41.35,41.36,14,33,1705,4069,41.3489383141
2020-09-17,840,CLX0,41.29,41.3,32,3,1512,3932,41.368646999
2020-09-17,870,CLX0,41.23,41.24,26,13,3707,9878,41.3028335695
2020-09-17,900,CLX0,41.21,41.22,21,5,1490,3474,41.282970639
2020-09-17,930,CLX0,41.29,41.31,34,28,753,1594,41.2582434128
2020-09-17,960,CLX0,41.29,41.3,12,4,635,1245,41.2900562249
2020-09-17,990,CLX0,41.29,41.3,14,2,358,795,41.3007924528
2020-09-17,1020,CLX0,41.21,41.22,4,2,,,
2020-09-17,-360,HOX0,1.1325,1.1331,1,1,0,0,
2020-09-17,-330,HOX0,1.1341,1.1349,3,1,14,14,1.13317142857
2020-09-17,-300,HOX0,1.134,1.1347,2,1,9,10,1.13519
2020-09-17,-270,HOX0,1.1349,1.1354,1,1,5,5,1.13502
2020-09-17,-240,HOX0,1.1339,1.1348,1,2,1,1,1.1338
2020-09-17,-210,HOX0,1.1285,1.1292,2,2,13,13,1.13097692308
2020-09-17,-180,HOX0,1.1304,1.1311,2,1,12,16,1.12916875
2020-09-17,-150,HOX0,1.1334,1.1342,2,2,7,7,1.13195714286
2020-09-17,-120,HOX0,1.1264,1.1269,1,3,13,14,1.12924285714
2020-09-17,-90,HOX0,1.1248,1.1254,2,2,9,9,1.12507777778
2020-09-17,-60,HOX0,1.1252,1.1257,2,1,8,8,1.12635
2020-09-17,-30,HOX0,1.1199,1.1204,1,2,14,19,1.12211578947
2020-09-17,0,HOX0,1.1224,1.1229,2,2,5,5,1.12326
2020-09-17,30,HOX0,1.1211,1.1216,2,2,1,1,1.1232
2020-09-17,60,HOX0,1.1182,1.1187,2,1,10,11,1.11920909091
2020-09-17,90,HOX0,1.1193,1.1198,5,1,5,5,1.11946
2020-09-17,120,HOX0,1.1199,1.1203,3,2,8,9,1.12085555556
2020-09-17,150,HOX0,1.1148,1.1153,3,2,25,30,1.11643
2020-09-17,180,HOX0,1.116,1.1164,6,1,44,60,1.115805
2020-09-17,210,HOX0,1.1194,1.1198,3,2,121,159,1.11791320755
2020-09-17,240,HOX0,1.1214,1.1218,2,2,97,100,1.122349
2020-09-17,270,HOX0,1.1265,1.1269,2,1,148,175,1.123724
2020-09-17,300,HOX0,1.1236,1.1241,8,1,72,78,1.12518974359
2020-09-17,330,HOX0,1.1261,1.1265,4,7,86,94,1.1269787234
2020-09-17,360,HOX0,1.1336,1.134,3,3,88,95,1.13073789474
2020-09-17,390,HOX0,1.1347,1.1352,5,5,74,77,1.13313766234
2020-09-17,420,HOX0,1.138,1.1384,3,3,88,122,1.13730901639
2020-09-17,450,HOX0,1.144,1.1444,3,4,368,509,1.14437387033
2020-09-17,480,HOX0,1.1441,1.1446,4,5,179,213,1.14565868545
2020-09-17,510,HOX0,1.1392,1.1395,1,4,435,521,1.14020172745
2020-09-17,540,HOX0,1.1363,1.1366,2,4,340,408,1.13805392157
2020-09-17,570,HOX0,1.1415,1.1419,7,8,1163,1543,1.13902197019
2020-09-17,600,HOX0,1.1483,1.1486,4,10,919,1111,1.14339549955
2020-09-17,630,HOX0,1.1634,1.1638,2,2,1441,1875,1.16085786667
2020-09-17,660,HOX0,1.1654,1.1657,4,7,1335,1706,1.16745973036
2020-09-17,690,HOX0,1.1721,1.1724,5,4,1218,1608,1.17229589552
2020-09-17,720,HOX0,1.1732,1.1735,5,1,923,1248,1.17310552885
2020-09-17,750,HOX0,1.1713,1.1716,10,2,680,896,1.17258515625
2020-09-17,780,HOX0,1.1749,1.1752,1,3,499,645,1.1733151938
2020-09-17,810,HOX0,1.1764,1.1766,1,2,551,703,1.17645803698
2020-09-17,840,HOX0,1.1749,1.1752,5,3,628,772,1.17680323834
2020-09-17,870,HOX0,1.1743,1.1746,11,2,1137,1446,1.17497441217
2020-09-17,900,HOX0,1.1733,1.1737,4,2,245,316,1.17459588608
2020-09-17,930,HOX0,1.1741,1.1744,1,2,60,73,1.17408630137
2020-09-17,960,HOX0,1.1736,1.174,2,5,49,54,1.17411296296
2020-09-17,990,HOX0,1.1747,1.1751,2,1,34,38,1.17410526316
2020-09-17,1020,HOX0,1.173,1.1748,1,1,,,
2020-09-17,-360,RBX0,1.1733,1.175,1,1,0,0,
2020-09-17,-330,RBX0,1.1749,1.1755,1,1,66,95,1.17423368421
2020-09-17,-300,RBX0,1.174,1.1748,2,1,19,22,1.17525454545
2020-09-17,-270,RBX0,1.1742,1.1748,1,1,5,5,1.1746
2020-09-17,-240,RBX0,1.1733,1.1741,2,1,2,2,1.1742
2020-09-17,-210,RBX0,1.1679,1.1689,2,1,35,40,1.170555
2020-09-17,-180,RBX0,1.1692,1.1701,3,1,7,7,1.16941428571
2020-09-17,-150,RBX0,1.1729,1.1742,4,4,20,20,1.17016
2020-09-17,-120,RBX0,1.1649,1.1659,1,1,29,34,1.16666764706
2020-09-17,-90,RBX0,1.1639,1.1649,2,1,29,77,1.16348701299
2020-09-17,-60,RBX0,1.164,1.1645,1,1,10,11,1.16563636364
2020-09-17,-30,RBX0,1.1583,1.1593,4,1,52,56,1.15960714286
2020-09-17,0,RBX0,1.1612,1.1615,2,1,15,28,1.16207857143
2020-09-17,30,RBX0,1.1598,1.1607,2,3,9,9,1.16063333333
2020-09-17,60,RBX0,1.1571,1.1577,2,2,3,3,1.15733333333
2020-09-17,90,RBX0,1.1576,1.1586,2,1,17,17,1.15623529412
2020-09-17,120,RBX0,1.1595,1.1602,1,4,8,8,1.159
2020-09-17,150,RBX0,1.1525,1.1534,2,1,14,18,1.15502777778
2020-09-17,180,RBX0,1.1545,1.1555,1,1,7,9,1.1535
2020-09-17,210,RBX0,1.157,1.1574,1,1,182,230,1.15500086957
2020-09-17,240,RBX0,1.1584,1.159,2,2,180,210,1.15911761905
2020-09-17,270,RBX0,1.1635,1.1642,5,1,280,325,1.16066430769
2020-09-17,300,RBX0,1.1576,1.1582,1,1,63,66,1.16031666667
2020-09-17,330,RBX0,1.159,1.1598,1,2,70,78,1.16123076923
2020-09-17,360,RBX0,1.1671,1.1676,1,3,68,71,1.16368591549
2020-09-17,390,RBX0,1.1688,1.1692,1,1,156,161,1.16698074534
2020-09-17,420,RBX0,1.168,1.1686,2,3,277,309,1.16959288026
2020-09-17,450,RBX0,1.1734,1.1741,2,3,239,320,1.1742540625
2020-09-17,480,RBX0,1.1683,1.1687,1,1,161,210,1.17246857143
2020-09-17,510,RBX0,1.1676,1.168,2,2,527,741,1.16593684211
2020-09-17,540,RBX0,1.1695,1.1698,2,2,652,804,1.16932375622
2020-09-17,570,RBX0,1.1736,1.174,3,1,1266,1586,1.17156500631
2020-09-17,600,RBX0,1.1775,1.1777,2,1,819,1027,1.17230632911
2020-09-17,630,RBX0,1.191,1.1915,6,2,1144,1385,1.18863220217
2020-09-17,660,RBX0,1.1938,1.1941,1,1,854,1054,1.19482352941
2020-09-17,690,RBX0,1.2029,1.2034,6,1,1684,2209,1.20232548665
2020-09-17,720,RBX0,1.1993,1.1995,1,1,1146,1459,1.20250514051
2020-09-17,750,RBX0,1.1953,1.1956,1,1,638,789,1.19768757921
2020-09-17,780,RBX0,1.2017,1.202,1,1,781,991,1.19914006054
2020-09-17,810,RBX0,1.2039,1.2042,1,1,427,510,1.20355588235
2020-09-17,840,RBX0,1.201,1.2013,1,1,507,639,1.20437527387
2020-09-17,870,RBX0,1.2035,1.2037,1,3,1910,2420,1.20137826446
2020-09-17,900,RBX0,1.2013,1.2017,1,2,408,495,1.20331010101
2020-09-17,930,RBX0,1.2029,1.2034,3,2,51,59,1.20224237288
2020-09-17,960,RBX0,1.2031,1.2035,1,1,73,80,1.20333125
2020-09-17,990,RBX0,1.2029,1.2035,1,1,77,85,1.20315058824
2020-09-17,1020,RBX0,1.2004,1.2022,1,1,,,
2020-09-18,-360,CLX0,41.18,41.22,3,2,1,1,41.2
2020-09-18,-330,CLX0,41.21,41.23,9,9,302,529,41.1937807183
2020-09-18,-300,CLX0,41.25,41.26,11,1,201,328,41.2586585366
2020-09-18,-270,CLX0,41.29,41.3,8,7,177,269,41.2930111524
2020-09-18,-240,CLX0,41.12,41.13,10,4,383,742,41.185916442
2020-09-18,-210,CLX0,41.15,41.16,9,12,1173,2311,41.1803331891
2020-09-18,-180,CLX0,41.08,41.09,7,14,814,1323,41.1193046107
2020-09-18,-150,CLX0,41.14,41.15,10,8,978,1817,41.1575564117
2020-09-18,-120,CLX0,41.24,41.25,11,16,931,1719,41.1509307737
2020-09-18,-90,CLX0,41.23,41.24,16,8,709,1368,41.2355336257
2020-09-18,-60,CLX0,41.28,41.29,17,13,453,842,41.2498456057
2020-09-18,-30,CLX0,41.39,41.4,18,2,930,1747,41.3575901546
2020-09-18,0,CLX0,41.36,41.37,12,17,521,939,41.3706815761
2020-09-18,30,CLX0,41.37,41.38,10,18,351,698,41.3624928367
2020-09-18,60,CLX0,41.49,41.5,19,9,888,1627,41.4597295636
2020-09-18,90,CLX0,41.49,41.5,13,12,669,1369,41.4578962747
2020-09-18,120,CLX0,41.45,41.46,13,13,1039,1991,41.4547262682
2020-09-18,150,CLX0,41.52,41.53,4,18,1240,2806,41.5125659301
2020-09-18,180,CLX0,41.56,41.57,18,14,1096,2155,41.5237540603
2020-09-18,210,CLX0,41.67,41.68,9,12,1924,3728,41.6554613734
2020-09-18,240,CLX0,41.34,41.35,3,28,2050,3874,41.4834124935
2020-09-18,270,CLX0,41.36,41.37,17,8,2508,4947,41.3487386295
2020-09-18,300,CLX0,41.16,41.17,19,11,2233,4358,41.2245273061
2020-09-18,330,CLX0,41.3,41.31,7,16,1225,2146,41.2573205965
2020-09-18,360,CLX0,41.3,41.31,7,13,1135,2190,41.3251187215
2020-09-18,390,CLX0,41.35,41.36,5,21,1090,2083,41.3536245799
2020-09-18,420,CLX0,41.33,41.34,20,3,1127,2279,41.3841465555
2020-09-18,450,CLX0,40.96,40.97,21,14,3633,7907,41.0877146832
2020-09-18,480,CLX0,40.93,40.94,14,7,2938,6416,40.9190679551
2020-09-18,510,CLX0,40.84,40.85,8,26,4904,10892,40.7234887991
2020-09-18,540,CLX0,41.03,41.05,35,34,3270,7374,40.9227895308
2020-09-18,570,CLX0,41.22,41.23,7,17,7426,18238,41.2496507292
2020-09-18,600,CLX0,41.43,41.44,10,12,6337,14779,41.3553048244
2020-09-18,630,CLX0,41.46,41.47,14,17,4888,12126,41.4783762164
2020-09-18,660,CLX0,41.56,41.57,29,6,4294,10538,41.5074568229
2020-09-18,690,CLX0,41.47,41.48,19,12,3803,9289,41.4862159544
2020-09-18,720,CLX0,41.42,41.43,15,13,3417,8242,41.4477432662
2020-09-18,750,CLX0,41.19,41.2,12,30,2847,7054,41.3090969663
2020-09-18,780,CLX0,41.21,41.22,19,17,2709,6210,41.1830032206
2020-09-18,810,CLX0,40.85,40.86,18,19,2652,6094,41.1093731539
2020-09-18,840,CLX0,41.04,41.05,26,14,3390,8495,40.8847934079
2020-09-18,870,CLX0,41.3,41.31,16,35,5508,14441,41.1933972717
2020-09-18,900,CLX0,41.26,41.27,10,28,2285,6145,41.2911651749
2020-09-18,930,CLX0,41.21,41.22,26,11,1184,2720,41.1901764706
2020-09-18,960,CLX0,41.06,41.07,5,25,916,2159,41.1792357573
2020-09-18,990,CLX0,41.1,41.11,4,12,393,764,41.0771335079
2020-09-18,1020,CLX0,41.15,41.2,3,3,,,
2020-09-18,-360,HOX0,1.1752,1.1762,1,2,0,0,
2020-09-18,-330,HOX0,1.1738,1.1742,3,1,14,14,1.17396428571
2020-09-18,-300,HOX0,1.1742,1.1747,1,4,22,24,1.17465
2020-09-18,-270,HOX0,1.1746,1.1758,2,2,3,4,1.175
2020-09-18,-240,HOX0,1.1712,1.172,1,2,9,11,1.17282727273
2020-09-18,-210,HOX0,1.1715,1.1723,1,2,69,74,1.17102702703
2020-09-18,-180,HOX0,1.1688,1.1696,3,2,15,16,1.17086875
2020-09-18,-150,HOX0,1.1707,1.1713,1,1,38,43,1.17143255814
2020-09-18,-120,HOX0,1.1733,1.174,1,2,37,39,1.17038717949
2020-09-18,-90,HOX0,1.1741,1.1746,1,2,15,19,1.17401052632
2020-09-18,-60,HOX0,1.1753,1.1758,2,2,26,29,1.17469310345
2020-09-18,-30,HOX0,1.1786,1.1791,2,5,20,21,1.17702857143
2020-09-18,0,HOX0,1.1779,1.1783,1,3,15,16,1.17825625
2020-09-18,30,HOX0,1.179,1.1795,1,2,27,35,1.17883142857
2020-09-18,60,HOX0,1.1799,1.1802,1,1,21,23,1.17993913043
2020-09-18,90,HOX0,1.18,1.1804,10,1,33,37,1.17955405405
2020-09-18,120,HOX0,1.1794,1.1796,1,1,76,85,1.17985647059
2020-09-18,150,HOX0,1.1802,1.1804,1,3,45,51,1.18023137255
2020-09-18,180,HOX0,1.1822,1.1827,9,1,102,125,1.1813256
2020-09-18,210,HOX0,1.1851,1.1855,2,1,195,240,1.18409708333
2020-09-18,240,HOX0,1.1752,1.1755,1,1,161,178,1.17907359551
2020-09-18,270,HOX0,1.1732,1.1735,1,1,414,484,1.17432603306
2020-09-18,300,HOX0,1.1671,1.1675,1,3,272,304,1.16966085526
2020-09-18,330,HOX0,1.1709,1.1712,1,1,120,126,1.16895079365
2020-09-18,360,HOX0,1.1726,1.173,3,1,152,176,1.173675
2020-09-18,390,HOX0,1.1745,1.1748,1,1,198,237,1.17398902954
2020-09-18,420,HOX0,1.1728,1.1732,2,4,149,162,1.1748117284
2020-09-18,450,HOX0,1.1648,1.1651,1,1,326,396,1.16831085859
2020-09-18,480,HOX0,1.1658,1.1662,4,1,306,359,1.16516128134
2020-09-18,510,HOX0,1.1616,1.1618,1,2,637,723,1.16166224066
2020-09-18,540,HOX0,1.1713,1.1715,2,1,1105,1314,1.16765677321
2020-09-18,570,HOX0,1.1694,1.1697,4,1,2105,2602,1.17223335895
2020-09-18,600,HOX0,1.1703,1.1706,2,4,1400,1673,1.17020657501
2020-09-18,630,HOX0,1.1725,1.1728,4,5,1332,1674,1.17389127838
2020-09-18,660,HOX0,1.1761,1.1763,2,1,1303,1628,1.174002457
2020-09-18,690,HOX0,1.1733,1.1735,1,1,1254,1526,1.17460203145
2020-09-18,720,HOX0,1.1703,1.1706,2,2,1013,1203,1.1720876143
2020-09-18,750,HOX0,1.1695,1.1698,5,3,693,851,1.17046310223
2020-09-18,780,HOX0,1.17,1.1702,3,2,759,933,1.16925219721
2020-09-18,810,HOX0,1.1616,1.162,4,3,921,1168,1.16839743151
2020-09-18,840,HOX0,1.1675,1.1678,1,3,1086,1373,1.16447880554
2020-09-18,870,HOX0,1.1693,1.1696,4,5,2260,2848,1.1687971559
2020-09-18,900,HOX0,1.1688,1.1691,3,1,500,613,1.16896215334
2020-09-18,930,HOX0,1.1681,1.1684,1,3,148,170,1.16820294118
2020-09-18,960,HOX0,1.1662,1.1666,1,3,155,250,1.168764
2020-09-18,990,HOX0,1.1666,1.1672,3,1,48,56,1.16664821429
2020-09-18,1020,HOX0,1.1666,1.1687,1,1,,,
2020-09-18,-360,RBX0,1.2011,1.2027,1,1,0,0,
2020-09-18,-330,RBX0,1.2011,1.202,1,2,53,62,1.2023483871
2020-09-18,-300,RBX0,1.2015,1.2023,1,1,20,23,1.20110434783
2020-09-18,-270,RBX0,1.2023,1.203,2,2,3,3,1.20246666667
2020-09-18,-240,RBX0,1.198,1.1987,2,1,28,37,1.20027027027
2020-09-18,-210,RBX0,1.1986,1.1991,2,1,54,58,1.19930517241
2020-09-18,-180,RBX0,1.1961,1.197,5,1,15,26,1.19743461538
2020-09-18,-150,RBX0,1.1964,1.1974,1,1,24,28,1.19748928571
2020-09-18,-120,RBX0,1.1992,1.2004,2,2,8,9,1.19878888889
2020-09-18,-90,RBX0,1.1992,1.2001,1,2,11,11,1.1993
2020-09-18,-60,RBX0,1.2012,1.202,1,1,9,12,1.20065
2020-09-18,-30,RBX0,1.2037,1.2045,2,1,9,9,1.20296666667
2020-09-18,0,RBX0,1.204,1.2046,1,1,52,61,1.20441311475
2020-09-18,30,RBX0,1.205,1.2059,1,4,21,23,1.20480434783
2020-09-18,60,RBX0,1.2074,1.2081,1,2,38,58,1.2070637931
2020-09-18,90,RBX0,1.2077,1.2082,1,1,15,15,1.2073
2020-09-18,120,RBX0,1.2066,1.2076,4,1,18,23,1.20765217391
2020-09-18,150,RBX0,1.2077,1.2087,1,1,73,76,1.20862105263
2020-09-18,180,RBX0,1.21,1.2108,3,1,74,80,1.2087825
2020-09-18,210,RBX0,1.2116,1.2124,2,1,106,136,1.21215294118
2020-09-18,240,RBX0,1.2048,1.2053,1,1,74,84,1.20771190476
2020-09-18,270,RBX0,1.2073,1.2079,5,2,222,302,1.20627880795
2020-09-18,300,RBX0,1.2009,1.2015,1,1,120,149,1.20408053691
2020-09-18,330,RBX0,1.2047,1.2053,2,1,34,40,1.20454
2020-09-18,360,RBX0,1.206,1.2063,2,2,136,154,1.20616363636
2020-09-18,390,RBX0,1.2061,1.2066,1,1,197,239,1.20585899582
2020-09-18,420,RBX0,1.2062,1.2065,2,1,78,82,1.2070597561
2020-09-18,450,RBX0,1.198,1.1984,1,4,359,413,1.20427360775
2020-09-18,480,RBX0,1.1978,1.1984,2,1,268,298,1.19867785235
2020-09-18,510,RBX0,1.1959,1.1963,1,2,526,590,1.19394610169
2020-09-18,540,RBX0,1.1983,1.1987,1,2,380,445,1.19702359551
2020-09-18,570,RBX0,1.2001,1.2007,3,1,1379,1715,1.20072443149
2020-09-18,600,RBX0,1.2013,1.2017,1,2,1257,1496,1.20273703209
2020-09-18,630,RBX0,1.1975,1.1978,1,4,1518,1850,1.19946989189
2020-09-18,660,RBX0,1.1991,1.1995,3,1,1370,1679,1.19958058368
2020-09-18,690,RBX0,1.1954,1.1955,1,1,1242,1494,1.19709216867
2020-09-18,720,RBX0,1.1962,1.1965,1,1,1029,1276,1.1960968652
2020-09-18,750,RBX0,1.1964,1.1967,3,11,859,1044,1.19705814176
2020-09-18,780,RBX0,1.1967,1.197,2,1,833,997,1.19631915747
2020-09-18,810,RBX0,1.1927,1.1929,1,3,945,1149,1.19805909487
2020-09-18,840,RBX0,1.2004,1.2007,1,2,1354,1654,1.19576408706
2020-09-18,870,RBX0,1.2096,1.2099,1,6,3003,4185,1.20626415771
2020-09-18,900,RBX0,1.2063,1.2066,2,1,620,767,1.20777966102
2020-09-18,930,RBX0,1.2075,1.2079,3,1,265,307,1.2067713355
2020-09-18,960,RBX0,1.2058,1.2062,1,2,152,225,1.207684
2020-09-18,990,RBX0,1.2059,1.2062,3,1,117,127,1.20618110236
2020-09-18,1020,RBX0,1.2074,1.2091,1,1,,,
2020-09-21,-360,CLX0,41.15,41.19,1,2,0,0,
2020-09-21,-330,CLX0,40.99,41,4,9,1403,2696,40.9487833828
2020-09-21,-300,CLX0,40.93,40.94,5,5,503,839,40.9627413588
2020-09-21,-270,CLX0,41.03,41.04,10,6,453,888,41.0221058559
2020-09-21,-240,CLX0,41.03,41.04,13,7,568,1091,41.097451879
2020-09-21,-210,CLX0,41.06,41.08,18,14,685,1382,41.019739508
2020-09-21,-180,CLX0,41.04,41.05,10,5,457,797,41.0713550816
2020-09-21,-150,CLX0,41.25,41.26,14,8,1316,2562,41.1396682279
2020-09-21,-120,CLX0,41.22,41.23,10,8,1512,3066,41.3046412264
2020-09-21,-90,CLX0,41.43,41.44,13,5,1022,1892,41.3472251586
2020-09-21,-60,CLX0,41.35,41.36,26,14,801,1453,41.4166207846
2020-09-21,-30,CLX0,41.4,41.41,9,9,859,1687,41.3579905157
2020-09-21,0,CLX0,41.38,41.39,3,13,343,612,41.3867320261
2020-09-21,30,CLX0,41.33,41.34,10,9,324,556,41.3694064748
2020-09-21,60,CLX0,41.24,41.25,9,8,526,1054,41.294857685
2020-09-21,90,CLX0,41.17,41.18,7,15,728,1447,41.2182239115
2020-09-21,120,CLX0,41.14,41.15,16,13,796,1474,41.1502917232
2020-09-21,150,CLX0,40.91,40.92,19,8,1585,3170,41.0037634069
2020-09-21,180,CLX0,40.78,40.79,21,12,1640,3591,40.8888164857
2020-09-21,210,CLX0,40.77,40.78,21,7,3326,7239,40.7435198232
2020-09-21,240,CLX0,40.45,40.46,33,20,4234,9346,40.4972555104
2020-09-21,270,CLX0,40.32,40.33,2,31,3898,8663,40.3164342606
2020-09-21,300,CLX0,40.29,40.3,4,29,3540,7447,40.3001477105
2020-09-21,330,CLX0,40.56,40.57,19,4,3213,6813,40.5061544107
2020-09-21,360,CLX0,40.37,40.38,13,12,2018,3740,40.471644385
2020-09-21,390,CLX0,40.34,40.35,19,9,1955,3759,40.3832109604
2020-09-21,420,CLX0,40.45,40.47,25,29,1412,2906,40.3889504474
2020-09-21,450,CLX0,40.48,40.49,9,15,2492,5438,40.4984148584
2020-09-21,480,CLX0,40.51,40.52,16,13,1407,2968,40.5238948787
2020-09-21,510,CLX0,40.33,40.34,11,12,2979,5861,40.3856287323
2020-09-21,540,CLX0,40.42,40.43,2,39,3972,8866,40.3083588992
2020-09-21,570,CLX0,40.4,40.41,11,22,8345,19069,40.5567140385
2020-09-21,600,CLX0,39.99,40,19,19,10324,23816,40.1497102788
2020-09-21,630,CLX0,39.57,39.59,35,25,10463,26074,39.7585383907
2020-09-21,660,CLX0,39.44,39.45,2,25,10280,24563,39.4116813907
2020-09-21,690,CLX0,39.08,39.09,28,15,9675,22448,39.2229272096
2020-09-21,720,CLX0,39.52,39.53,25,4,8773,21123,39.1365161199
2020-09-21,750,CLX0,39.29,39.3,22,13,4792,11555,39.4605962787
2020-09-21,780,CLX0,39.45,39.46,11,34,4053,9705,39.3319031427
2020-09-21,810,CLX0,39.2,39.21,34,5,3351,7748,39.2680278782
2020-09-21,840,CLX0,39.28,39.29,30,5,3253,8313,39.1983182966
2020-09-21,870,CLX0,39.53,39.54,40,33,9609,25066,39.4173362323
2020-09-21,900,CLX0,39.6,39.61,19,8,2630,6567,39.5641312624
2020-09-21,930,CLX0,39.74,39.75,14,13,1974,5207,39.767136547
2020-09-21,960,CLX0,39.88,39.89,12,5,1419,3049,39.7681600525
2020-09-21,990,CLX0,39.87,39.88,1,12,553,1319,39.8810310842
2020-09-21,1020,CLX0,39.81,39.83,2,2,,,
2020-09-21,-360,HOX0,1.1664,1.1703,1,2,1,2,1.166
2020-09-21,-330,HOX0,1.1634,1.1639,2,1,149,177,1.16396271186
2020-09-21,-300,HOX0,1.1634,1.1638,2,1,36,39,1.1636
2020-09-21,-270,HOX0,1.1644,1.1649,1,3,31,33,1.16471818182
2020-09-21,-240,HOX0,1.1651,1.1656,1,2,29,31,1.16591290323
2020-09-21,-210,HOX0,1.1647,1.1653,1,3,113,124,1.16414193548
2020-09-21,-180,HOX0,1.1646,1.1652,1,2,21,21,1.16521428571
2020-09-21,-150,HOX0,1.1694,1.1699,1,3,65,80,1.16648375
2020-09-21,-120,HOX0,1.1668,1.1673,3,1,76,93,1.16924623656
2020-09-21,-90,HOX0,1.1734,1.1739,1,2,66,82,1.17155731707
2020-09-21,-60,HOX0,1.1713,1.1716,1,1,19,24,1.17349583333
2020-09-21,-30,HOX0,1.1716,1.1721,1,3,37,39,1.17028461538
2020-09-21,0,HOX0,1.1708,1.1713,1,2,6,6,1.17163333333
2020-09-21,30,HOX0,1.1697,1.1702,2,1,10,10,1.17083
2020-09-21,60,HOX0,1.1675,1.168,1,2,6,7,1.16961428571
2020-09-21,90,HOX0,1.1658,1.1662,1,2,16,16,1.16731875
2020-09-21,120,HOX0,1.1647,1.1652,5,5,26,27,1.16507407407
2020-09-21,150,HOX0,1.1598,1.1603,2,6,72,79,1.1628835443
2020-09-21,180,HOX0,1.1563,1.1566,3,1,129,175,1.15840971429
2020-09-21,210,HOX0,1.1554,1.1557,1,3,480,594,1.15534579125
2020-09-21,240,HOX0,1.149,1.1493,4,1,479,557,1.14924847397
2020-09-21,270,HOX0,1.1416,1.1419,1,3,800,939,1.14309882854
2020-09-21,300,HOX0,1.1416,1.1419,3,3,503,577,1.14128318891
2020-09-21,330,HOX0,1.1478,1.1481,1,2,351,404,1.14690123762
2020-09-21,360,HOX0,1.1434,1.1437,3,2,242,268,1.14654701493
2020-09-21,390,HOX0,1.1412,1.1416,6,5,265,297,1.14271077441
2020-09-21,420,HOX0,1.1441,1.1445,3,3,169,188,1.14256542553
2020-09-21,450,HOX0,1.146,1.1463,4,1,527,679,1.14706008837
2020-09-21,480,HOX0,1.1469,1.1473,6,5,261,288,1.14704513889
2020-09-21,510,HOX0,1.1429,1.1433,4,4,609,716,1.14415307263
2020-09-21,540,HOX0,1.1454,1.1457,3,3,1008,1326,1.14193371041
2020-09-21,570,HOX0,1.1435,1.1438,1,2,3218,4261,1.14928800751
2020-09-21,600,HOX0,1.1373,1.1376,3,1,2105,2746,1.13950528041
2020-09-21,630,HOX0,1.1265,1.1269,3,5,2303,3003,1.13088348318
2020-09-21,660,HOX0,1.126,1.1263,1,6,1881,2399,1.12455852439
2020-09-21,690,HOX0,1.1186,1.119,7,4,2041,2559,1.1209759281
2020-09-21,720,HOX0,1.1268,1.1271,4,3,1316,1648,1.12040521845
2020-09-21,750,HOX0,1.1242,1.1244,3,1,1323,1696,1.12588944575
2020-09-21,780,HOX0,1.1256,1.1258,2,2,954,1310,1.12502946565
2020-09-21,810,HOX0,1.1206,1.121,4,12,863,1162,1.12302753873
2020-09-21,840,HOX0,1.12,1.1202,1,1,1025,1300,1.119903
2020-09-21,870,HOX0,1.1185,1.1187,7,2,3317,4479,1.11846856441
2020-09-21,900,HOX0,1.1214,1.1216,2,1,723,964,1.12067178423
2020-09-21,930,HOX0,1.1234,1.1237,2,1,424,501,1.12410918164
2020-09-21,960,HOX0,1.1258,1.1262,9,3,207,247,1.12462874494
2020-09-21,990,HOX0,1.1251,1.1255,3,2,180,238,1.1253289916
2020-09-21,1020,HOX0,1.1228,1.1237,2,2,,,
2020-09-21,-360,RBX0,1.2089,1.2111,1,1,0,0,
2020-09-21,-330,RBX0,1.1935,1.1942,2,1,395,444,1.19856711712
2020-09-21,-300,RBX0,1.1931,1.194,2,2,24,26,1.19363461538
2020-09-21,-270,RBX0,1.1936,1.1941,1,1,44,45,1.19424444444
2020-09-21,-240,RBX0,1.1929,1.1936,4,1,100,102,1.19479117647
2020-09-21,-210,RBX0,1.1935,1.1941,2,1,45,53,1.1924
2020-09-21,-180,RBX0,1.1926,1.1934,3,1,22,24,1.19369583333
2020-09-21,-150,RBX0,1.1971,1.1979,3,1,41,47,1.19491276596
2020-09-21,-120,RBX0,1.1961,1.1966,2,1,35,35,1.1986
2020-09-21,-90,RBX0,1.2009,1.2017,3,2,18,18,1.19893333333
2020-09-21,-60,RBX0,1.1988,1.1995,3,1,19,19,1.20185263158
2020-09-21,-30,RBX0,1.2003,1.2008,1,2,35,39,1.19874102564
2020-09-21,0,RBX0,1.1989,1.1998,2,2,19,21,1.19962380952
2020-09-21,30,RBX0,1.1978,1.1985,3,1,9,9,1.1989
2020-09-21,60,RBX0,1.1952,1.1962,1,4,8,8,1.1971875
2020-09-21,90,RBX0,1.1936,1.1943,1,1,11,12,1.195075
2020-09-21,120,RBX0,1.1935,1.1938,1,2,54,56,1.19339285714
2020-09-21,150,RBX0,1.1869,1.1882,2,4,68,72,1.1904625
2020-09-21,180,RBX0,1.1842,1.1847,1,2,67,88,1.18707954545
2020-09-21,210,RBX0,1.1844,1.1849,1,2,168,205,1.18458926829
2020-09-21,240,RBX0,1.1794,1.1799,2,1,375,484,1.18009731405
2020-09-21,270,RBX0,1.1739,1.1745,1,1,370,429,1.17484638695
2020-09-21,300,RBX0,1.173,1.1739,2,1,98,121,1.17386115702
2020-09-21,330,RBX0,1.1761,1.1767,4,1,293,361,1.17674238227
2020-09-21,360,RBX0,1.1709,1.1714,2,1,264,296,1.17370101351
2020-09-21,390,RBX0,1.1705,1.1711,1,4,100,110,1.17253272727
2020-09-21,420,RBX0,1.174,1.1746,5,1,111,124,1.17219919355
2020-09-21,450,RBX0,1.1684,1.1689,3,1,504,613,1.17177601958
2020-09-21,480,RBX0,1.1687,1.169,1,1,206,221,1.16887647059
2020-09-21,510,RBX0,1.1663,1.1666,3,2,586,714,1.16557605042
2020-09-21,540,RBX0,1.1685,1.1686,1,1,632,831,1.16632623345
2020-09-21,570,RBX0,1.1718,1.1723,2,1,2793,3452,1.17402456547
2020-09-21,600,RBX0,1.1635,1.164,1,3,1304,1560,1.16795538462
2020-09-21,630,RBX0,1.1497,1.15,1,1,1812,2229,1.15509246299
2020-09-21,660,RBX0,1.1514,1.1519,2,3,1889,2337,1.14844338896
2020-09-21,690,RBX0,1.1448,1.1451,2,1,1607,1991,1.14682039176
2020-09-21,720,RBX0,1.1527,1.1531,1,1,1370,1698,1.14409281508
2020-09-21,750,RBX0,1.151,1.1513,1,3,791,1011,1.15230089021
2020-09-21,780,RBX0,1.1547,1.1549,1,3,888,1166,1.15315291595
2020-09-21,810,RBX0,1.1498,1.1502,1,3,665,830,1.15228686747
2020-09-21,840,RBX0,1.1509,1.1513,5,2,822,1045,1.14909751196
2020-09-21,870,RBX0,1.154,1.1542,1,3,2593,3697,1.1515324317
2020-09-21,900,RBX0,1.1568,1.157,1,1,563,682,1.15639134897
2020-09-21,930,RBX0,1.1605,1.1608,1,2,169,202,1.1604990099
2020-09-21,960,RBX0,1.1638,1.1643,1,3,156,189,1.16116878307
2020-09-21,990,RBX0,1.1637,1.1642,2,3,139,162,1.1638037037
2020-09-21,1020,RBX0,1.1607,1.1615,1,1,,,
2020-09-22,-360,CLX0,39.79,39.84,3,1,1,3,39.84
2020-09-22,-330,CLX0,39.84,39.85,12,2,727,1589,39.8971680302
2020-09-22,-300,CLX0,39.89,39.9,15,1,247,449,39.855857461
2020-09-22,-270,CLX0,39.89,39.9,5,12,134,290,39.8763793103
2020-09-22,-240,CLX0,39.93,39.94,9,7,221,474,39.9121729958
2020-09-22,-210,CLX0,39.9,39.91,9,4,1024,1860,39.9294193548
2020-09-22,-180,CLX0,39.85,39.86,3,14,1084,1954,39.8127379734
2020-09-22,-150,CLX0,39.67,39.69,18,14,1704,2983,39.7458665773
2020-09-22,-120,CLX0,39.73,39.74,12,7,971,1713,39.759171045
2020-09-22,-90,CLX0,39.64,39.65,17,8,894,1655,39.7381752266
2020-09-22,-60,CLX0,39.7,39.71,13,6,581,1125,39.6997333333
2020-09-22,-30,CLX0,39.74,39.75,9,12,759,1565,39.6730031949
2020-09-22,0,CLX0,39.68,39.69,16,7,498,969,39.729504644
2020-09-22,30,CLX0,39.68,39.69,8,7,334,570,39.6806491228
2020-09-22,60,CLX0,39.68,39.69,8,11,346,636,39.7081761006
2020-09-22,90,CLX0,39.39,39.4,12,12,1437,3303,39.4960823494
2020-09-22,120,CLX0,39.41,39.43,22,15,976,1917,39.4300312989
2020-09-22,150,CLX0,39.56,39.57,12,16,1700,3326,39.5213078773
2020-09-22,180,CLX0,39.53,39.54,2,30,2173,4369,39.5108331426
2020-09-22,210,CLX0,39.61,39.62,20,16,2961,5632,39.631928267
2020-09-22,240,CLX0,39.71,39.72,16,26,2443,4608,39.5954578993
2020-09-22,270,CLX0,39.76,39.77,30,3,3266,6565,39.8011576542
2020-09-22,300,CLX0,40.03,40.04,15,17,2463,4818,39.8724346202
2020-09-22,330,CLX0,40.12,40.13,30,2,3140,6590,40.1083915023
2020-09-22,360,CLX0,40.09,40.1,18,12,1501,3011,40.0961773497
2020-09-22,390,CLX0,39.97,39.98,6,26,1719,4025,40.0203453416
2020-09-22,420,CLX0,39.88,39.89,17,27,1627,3670,39.9144087193
2020-09-22,450,CLX0,40.07,40.08,32,1,1843,3748,39.9405896478
2020-09-22,480,CLX0,39.68,39.7,26,37,2726,5896,39.8360922659
2020-09-22,510,CLX0,39.66,39.67,15,33,3689,8116,39.5905187284
2020-09-22,540,CLX0,39.83,39.84,30,13,3242,6906,39.804733565
2020-09-22,570,CLX0,40.01,40.02,6,25,4895,12139,39.9542614713
2020-09-22,600,CLX0,39.67,39.68,9,24,7498,17567,39.9654135595
2020-09-22,630,CLX0,39.89,39.9,5,29,5696,13261,39.8060266948
2020-09-22,660,CLX0,39.52,39.53,13,50,5703,13905,39.7790276879
2020-09-22,690,CLX0,39.78,39.79,42,3,5023,12515,39.6662620855
2020-09-22,720,CLX0,39.66,39.67,37,7,3472,9041,39.7169372857
2020-09-22,750,CLX0,39.75,39.76,27,13,2711,7007,39.7937962038
2020-09-22,780,CLX0,39.34,39.35,9,34,4424,11850,39.4687763713
2020-09-22,810,CLX0,39.63,39.64,21,9,4903,13455,39.3868227425
2020-09-22,840,CLX0,39.66,39.67,40,9,2913,7921,39.6409418003
2020-09-22,870,CLX0,39.81,39.82,46,15,5795,17641,39.8172376849
2020-09-22,900,CLX0,39.73,39.74,18,10,1331,3546,39.7744077834
2020-09-22,930,CLX0,39.78,39.79,15,33,795,2618,39.7573453018
2020-09-22,960,CLX0,39.77,39.78,1,34,1009,2438,39.7662797375
2020-09-22,990,CLX0,39.77,39.78,2,4,354,899,39.7807119021
2020-09-22,1020,CLX0,39.75,39.76,4,2,,,
2020-09-22,-360,HOX0,1.1218,1.1244,1,1,2,4,1.123775
2020-09-22,-330,HOX0,1.1254,1.1261,2,2,70,95,1.12634210526
2020-09-22,-300,HOX0,1.1265,1.127,2,3,48,58,1.12587931034
2020-09-22,-270,HOX0,1.1261,1.1265,1,1,23,28,1.126175
2020-09-22,-240,HOX0,1.1265,1.1271,3,1,18,21,1.12654761905
2020-09-22,-210,HOX0,1.1257,1.1261,3,3,86,97,1.12622989691
2020-09-22,-180,HOX0,1.1251,1.1257,1,2,29,32,1.124240625
2020-09-22,-150,HOX0,1.1204,1.1212,1,2,34,46,1.12232608696
2020-09-22,-120,HOX0,1.122,1.1226,1,2,19,25,1.122704
2020-09-22,-90,HOX0,1.1192,1.12,1,3,35,46,1.12134130435
2020-09-22,-60,HOX0,1.1208,1.1214,1,1,14,15,1.12062
2020-09-22,-30,HOX0,1.1213,1.122,2,1,31,39,1.11986666667
2020-09-22,0,HOX0,1.1203,1.1209,2,1,41,51,1.12145686275
2020-09-22,30,HOX0,1.12,1.1206,1,2,2,2,1.12015
2020-09-22,60,HOX0,1.1203,1.1208,1,1,12,14,1.12086428571
2020-09-22,90,HOX0,1.1139,1.1144,3,2,56,71,1.11563802817
2020-09-22,120,HOX0,1.1141,1.1145,2,1,38,44,1.11458409091
2020-09-22,150,HOX0,1.1169,1.1173,5,1,68,79,1.11624810127
2020-09-22,180,HOX0,1.1167,1.1172,5,2,120,138,1.11666086957
2020-09-22,210,HOX0,1.1188,1.1191,1,1,280,300,1.11835
2020-09-22,240,HOX0,1.1205,1.1207,3,2,257,288,1.11737222222
2020-09-22,270,HOX0,1.1246,1.1249,1,3,800,917,1.12368440567
2020-09-22,300,HOX0,1.1324,1.1327,3,1,485,572,1.12761398601
2020-09-22,330,HOX0,1.1333,1.1336,1,2,354,416,1.13245552885
2020-09-22,360,HOX0,1.1315,1.1319,2,3,196,233,1.13193690987
2020-09-22,390,HOX0,1.1286,1.1288,1,1,174,192,1.12969114583
2020-09-22,420,HOX0,1.1277,1.128,1,4,153,183,1.12876393443
2020-09-22,450,HOX0,1.1315,1.1319,4,2,277,336,1.12954732143
2020-09-22,480,HOX0,1.1222,1.1225,2,1,250,271,1.12594797048
2020-09-22,510,HOX0,1.1226,1.1228,1,2,799,932,1.1200693133
2020-09-22,540,HOX0,1.1221,1.1224,6,1,835,1078,1.12256948052
2020-09-22,570,HOX0,1.1246,1.1248,7,2,1737,2370,1.12351324895
2020-09-22,600,HOX0,1.1166,1.1169,2,1,1648,2186,1.12425910339
2020-09-22,630,HOX0,1.1227,1.123,3,1,1201,1648,1.12056432039
2020-09-22,660,HOX0,1.1119,1.1121,2,1,1504,2145,1.11880037296
2020-09-22,690,HOX0,1.1165,1.1168,5,2,1637,2157,1.11496513676
2020-09-22,720,HOX0,1.1143,1.1146,2,5,1425,1811,1.11617912755
2020-09-22,750,HOX0,1.1131,1.1134,3,3,1334,1684,1.11455130641
2020-09-22,780,HOX0,1.1029,1.1031,1,4,1394,1760,1.10697551136
2020-09-22,810,HOX0,1.1089,1.1092,6,2,1701,2162,1.10374773358
2020-09-22,840,HOX0,1.1101,1.1102,1,1,793,974,1.10848542094
2020-09-22,870,HOX0,1.1087,1.1089,1,2,2592,3758,1.11044121873
2020-09-22,900,HOX0,1.1065,1.1067,2,3,713,914,1.10803905908
2020-09-22,930,HOX0,1.1075,1.1078,4,6,322,398,1.10734246231
2020-09-22,960,HOX0,1.1079,1.1081,1,1,402,465,1.10770817204
2020-09-22,990,HOX0,1.1088,1.1091,3,1,338,387,1.1083498708
2020-09-22,1020,HOX0,1.1077,1.1125,4,3,,,
2020-09-22,-360,RBX0,1.1614,1.1631,1,1,0,0,
2020-09-22,-330,RBX0,1.1615,1.1626,2,2,52,68,1.16240735294
2020-09-22,-300,RBX0,1.1626,1.1631,2,1,19,22,1.162
2020-09-22,-270,RBX0,1.1619,1.1626,2,4,5,5,1.16306
2020-09-22,-240,RBX0,1.1626,1.1633,1,1,10,12,1.16284166667
2020-09-22,-210,RBX0,1.1621,1.1626,2,1,61,78,1.1626974359
2020-09-22,-180,RBX0,1.1606,1.1612,1,1,36,36,1.16070277778
2020-09-22,-150,RBX0,1.1564,1.1576,2,1,58,65,1.15762307692
2020-09-22,-120,RBX0,1.1575,1.1586,1,1,20,21,1.15896666667
2020-09-22,-90,RBX0,1.1552,1.1561,3,1,5,5,1.15918
2020-09-22,-60,RBX0,1.1569,1.1578,2,1,11,25,1.15666
2020-09-22,-30,RBX0,1.1576,1.1583,3,1,17,17,1.15674117647
2020-09-22,0,RBX0,1.1565,1.1573,1,1,7,8,1.1578875
2020-09-22,30,RBX0,1.1569,1.1575,1,1,7,10,1.15678
2020-09-22,60,RBX0,1.1564,1.1574,1,1,8,9,1.15831111111
2020-09-22,90,RBX0,1.1505,1.1515,1,1,23,25,1.152456
2020-09-22,120,RBX0,1.1508,1.1517,1,1,23,26,1.15184615385
2020-09-22,150,RBX0,1.1537,1.1547,1,1,46,64,1.152484375
2020-09-22,180,RBX0,1.1525,1.1536,2,1,54,75,1.15276933333
2020-09-22,210,RBX0,1.1542,1.1548,1,1,121,140,1.15467571429
2020-09-22,240,RBX0,1.1558,1.1564,1,1,126,132,1.15449545455
2020-09-22,270,RBX0,1.1538,1.1543,2,1,507,591,1.15542622673
2020-09-22,300,RBX0,1.1612,1.1618,1,1,197,226,1.15590752212
2020-09-22,330,RBX0,1.1618,1.1623,3,1,162,192,1.1620375
2020-09-22,360,RBX0,1.1591,1.1596,1,2,127,143,1.16062867133
2020-09-22,390,RBX0,1.1583,1.1588,1,4,222,268,1.15825298507
2020-09-22,420,RBX0,1.1567,1.1573,1,2,113,135,1.1575962963
2020-09-22,450,RBX0,1.1608,1.1612,2,1,234,264,1.1576719697
2020-09-22,480,RBX0,1.1496,1.1499,1,2,231,272,1.15491948529
2020-09-22,510,RBX0,1.1472,1.1475,2,1,554,719,1.1451093185
2020-09-22,540,RBX0,1.1513,1.1517,1,2,304,347,1.15110835735
2020-09-22,570,RBX0,1.1561,1.1564,1,1,924,1181,1.15455275191
2020-09-22,600,RBX0,1.1464,1.1468,3,2,1068,1327,1.15310866616
2020-09-22,630,RBX0,1.1499,1.1503,1,1,967,1156,1.14994264706
2020-09-22,660,RBX0,1.1412,1.1415,2,2,1222,1477,1.14991821259
2020-09-22,690,RBX0,1.151,1.1514,3,3,1419,1733,1.14717524524
2020-09-22,720,RBX0,1.1454,1.1458,1,5,998,1233,1.14840754258
2020-09-22,750,RBX0,1.1449,1.1452,1,2,661,764,1.14700549738
2020-09-22,780,RBX0,1.1358,1.1361,3,1,999,1260,1.13841357143
2020-09-22,810,RBX0,1.1409,1.1413,1,1,925,1097,1.13552078396
2020-09-22,840,RBX0,1.143,1.1433,1,1,641,750,1.14106946667
2020-09-22,870,RBX0,1.1438,1.144,1,1,1423,1795,1.14461002786
2020-09-22,900,RBX0,1.1424,1.1426,1,1,426,513,1.14352612086
2020-09-22,930,RBX0,1.1434,1.1437,1,1,219,280,1.14354571429
2020-09-22,960,RBX0,1.1458,1.1463,4,1,180,213,1.14437652582
2020-09-22,990,RBX0,1.1455,1.1461,1,1,62,82,1.14563780488
2020-09-22,1020,RBX0,1.1502,1.1524,1,1,,,
2020-09-23,-360,CLX0,39.74,39.77,6,1,1,9,39.76
2020-09-23,-330,CLX0,39.66,39.67,5,8,362,803,39.7030386052
2020-09-23,-300,CLX0,39.61,39.62,9,11,374,712,39.6370224719
2020-09-23,-270,CLX0,39.69,39.7,8,4,308,580,39.6530862069
2020-09-23,-240,CLX0,39.7,39.71,7,9,337,552,39.6936956522
2020-09-23,-210,CLX0,39.56,39.57,10,9,1540,2729,39.6922682301
2020-09-23,-180,CLX0,39.52,39.53,7,11,923,1554,39.552998713
2020-09-23,-150,CLX0,39.57,39.58,10,10,930,1693,39.571252215
2020-09-23,-120,CLX0,39.5,39.51,22,7,831,1619,39.5780420012
2020-09-23,-90,CLX0,39.33,39.34,8,8,1511,2819,39.4316140475
2020-09-23,-60,CLX0,39.44,39.45,10,9,920,1796,39.3695601336
2020-09-23,-30,CLX0,39.45,39.46,8,15,766,1507,39.4147445255
2020-09-23,0,CLX0,39.4,39.41,16,13,403,660,39.4532424242
2020-09-23,30,CLX0,39.45,39.46,7,11,516,918,39.4462527233
2020-09-23,60,CLX0,39.43,39.44,10,11,493,845,39.4728284024
2020-09-23,90,CLX0,39.44,39.45,6,15,706,1387,39.4156524874
2020-09-23,120,CLX0,39.5,39.51,4,17,941,1805,39.502432133
2020-09-23,150,CLX0,39.33,39.34,21,20,1326,2325,39.3619096774
2020-09-23,180,CLX0,39.45,39.46,20,5,996,1771,39.414850367
2020-09-23,210,CLX0,39.46,39.47,12,10,2126,4164,39.4295196926
2020-09-23,240,CLX0,39.72,39.73,2,19,2428,5008,39.6322224441
2020-09-23,270,CLX0,39.66,39.67,18,4,2678,5083,39.7271296478
2020-09-23,300,CLX0,40.05,40.06,25,13,2899,6091,39.8981185355
2020-09-23,330,CLX0,39.88,39.89,18,9,1943,4012,39.9525722832
2020-09-23,360,CLX0,40.05,40.06,14,16,1791,3884,40.0572785788
2020-09-23,390,CLX0,39.92,39.93,16,11,1028,2311,39.9790134141
2020-09-23,420,CLX0,39.95,39.96,13,11,912,2123,39.9471267075
2020-09-23,450,CLX0,39.82,39.83,11,26,1611,3338,39.8356860395
2020-09-23,480,CLX0,39.79,39.8,20,23,1636,3256,39.8521621622
2020-09-23,510,CLX0,39.86,39.87,11,21,2248,4974,39.7812505026
2020-09-23,540,CLX0,39.88,39.89,22,22,2506,5507,39.9279789359
2020-09-23,570,CLX0,40.04,40.05,7,23,4457,10366,39.9312984758
2020-09-23,600,CLX0,40,40.01,23,19,4519,10388,39.9799759338
2020-09-23,630,CLX0,39.96,39.97,2,4,6949,15903,39.8529503867
2020-09-23,660,CLX0,40.35,40.36,20,20,15117,33849,40.1965697657
2020-09-23,690,CLX0,40.14,40.15,27,16,6666,15028,40.2349920149
2020-09-23,720,CLX0,39.75,39.76,11,21,5881,14391,39.9679132791
2020-09-23,750,CLX0,39.95,39.96,22,16,4067,9788,39.822317123
2020-09-23,780,CLX0,40.12,40.14,19,32,13709,31420,40.3359379376
2020-09-23,810,CLX0,40.11,40.12,17,15,2337,5383,40.1105052944
2020-09-23,840,CLX0,39.89,39.9,54,8,3288,8538,39.9544893418
2020-09-23,870,CLX0,39.93,39.94,23,31,6199,16940,39.8422809917
2020-09-23,900,CLX0,39.83,39.84,11,15,1771,4152,39.894617052
2020-09-23,930,CLX0,39.64,39.65,22,6,2364,6899,39.7010030439
2020-09-23,960,CLX0,39.55,39.56,63,26,1497,4137,39.6008146
2020-09-23,990,CLX0,39.53,39.54,10,4,725,2601,39.5770626682
2020-09-23,1020,CLX0,39.58,39.59,1,1,,,
2020-09-23,-360,HOX0,1.1081,1.1104,1,1,0,0,
2020-09-23,-330,HOX0,1.1088,1.1091,1,1,30,49,1.10965918367
2020-09-23,-300,HOX0,1.1083,1.1091,2,2,53,60,1.109755
2020-09-23,-270,HOX0,1.1095,1.11,2,1,11,11,1.10948181818
2020-09-23,-240,HOX0,1.1104,1.1108,2,1,20,23,1.11017391304
2020-09-23,-210,HOX0,1.106,1.1065,2,1,144,170,1.11060529412
2020-09-23,-180,HOX0,1.104,1.1043,1,1,38,47,1.105
2020-09-23,-150,HOX0,1.1048,1.1051,4,1,44,48,1.10440625
2020-09-23,-120,HOX0,1.1031,1.1035,1,1,41,51,1.10485882353
2020-09-23,-90,HOX0,1.1,1.1005,3,2,172,207,1.10294927536
2020-09-23,-60,HOX0,1.1023,1.1028,1,1,82,89,1.10014044944
2020-09-23,-30,HOX0,1.1027,1.1033,2,1,26,34,1.10173823529
2020-09-23,0,HOX0,1.1023,1.1027,1,3,17,21,1.10321428571
2020-09-23,30,HOX0,1.103,1.1035,5,3,25,27,1.1030037037
2020-09-23,60,HOX0,1.1019,1.1022,1,1,34,40,1.1031175
2020-09-23,90,HOX0,1.1017,1.1021,1,4,91,116,1.1013362069
2020-09-23,120,HOX0,1.1065,1.1068,1,1,204,268,1.10513507463
2020-09-23,150,HOX0,1.1003,1.1007,4,4,158,182,1.10228021978
2020-09-23,180,HOX0,1.104,1.1044,1,3,77,86,1.10202209302
2020-09-23,210,HOX0,1.1038,1.1041,2,4,250,295,1.10291491525
2020-09-23,240,HOX0,1.1116,1.112,5,2,327,353,1.10940056657
2020-09-23,270,HOX0,1.1084,1.1087,2,3,585,710,1.11208830986
2020-09-23,300,HOX0,1.1142,1.1144,2,1,525,645,1.11322155039
2020-09-23,330,HOX0,1.1117,1.1119,2,1,169,189,1.11306084656
2020-09-23,360,HOX0,1.1152,1.1156,2,3,224,283,1.11604805654
2020-09-23,390,HOX0,1.1121,1.1123,1,2,66,74,1.11419054054
2020-09-23,420,HOX0,1.1135,1.1138,2,2,67,77,1.11316883117
2020-09-23,450,HOX0,1.1138,1.114,1,2,330,407,1.11294373464
2020-09-23,480,HOX0,1.1139,1.1143,3,3,235,246,1.11602642276
2020-09-23,510,HOX0,1.1144,1.1147,4,3,554,659,1.11267207891
2020-09-23,540,HOX0,1.1158,1.116,3,3,652,836,1.11586423445
2020-09-23,570,HOX0,1.1189,1.1191,1,3,2291,3049,1.11740472286
2020-09-23,600,HOX0,1.1178,1.1181,1,5,1582,2092,1.11767662524
2020-09-23,630,HOX0,1.1192,1.1197,1,1,1832,2392,1.11613841973
2020-09-23,660,HOX0,1.1316,1.1319,2,1,3180,4032,1.12627797619
2020-09-23,690,HOX0,1.1264,1.1267,2,1,1884,2424,1.13023584983
2020-09-23,720,HOX0,1.116,1.1163,1,2,1547,2090,1.12224803828
2020-09-23,750,HOX0,1.1229,1.1232,2,2,1078,1554,1.1183015444
2020-09-23,780,HOX0,1.1264,1.1267,3,2,2623,3319,1.13019810184
2020-09-23,810,HOX0,1.1276,1.1279,3,1,902,1181,1.12700753599
2020-09-23,840,HOX0,1.1207,1.121,1,4,1028,1366,1.12316647145
2020-09-23,870,HOX0,1.1181,1.1184,6,4,2253,3227,1.1179910753
2020-09-23,900,HOX0,1.1155,1.1158,6,1,665,896,1.11838962054
2020-09-23,930,HOX0,1.1121,1.1124,4,2,460,585,1.1140191453
2020-09-23,960,HOX0,1.1107,1.111,1,1,297,460,1.11217478261
2020-09-23,990,HOX0,1.111,1.1113,2,1,231,299,1.11130167224
2020-09-23,1020,HOX0,1.1114,1.1124,2,1,,,
2020-09-23,-360,RBX0,1.15,1.1525,1,1,1,1,1.1507
2020-09-23,-330,RBX0,1.1494,1.1501,3,1,49,58,1.15096724138
2020-09-23,-300,RBX0,1.1487,1.1493,2,1,12,13,1.15001538462
2020-09-23,-270,RBX0,1.1496,1.1503,3,1,8,9,1.1496
2020-09-23,-240,RBX0,1.1514,1.152,1,3,17,18,1.1513
2020-09-23,-210,RBX0,1.1467,1.1473,1,1,116,128,1.1520265625
2020-09-23,-180,RBX0,1.1441,1.1453,5,1,31,31,1.14610967742
2020-09-23,-150,RBX0,1.1462,1.1473,6,1,44,48,1.14620416667
2020-09-23,-120,RBX0,1.1449,1.1454,1,1,26,36,1.14683333333
2020-09-23,-90,RBX0,1.1422,1.1428,1,2,166,193,1.14604404145
2020-09-23,-60,RBX0,1.1445,1.1451,1,1,7,10,1.14241
2020-09-23,-30,RBX0,1.1445,1.1452,2,1,8,8,1.1436
2020-09-23,0,RBX0,1.144,1.1447,3,1,13,15,1.14476
2020-09-23,30,RBX0,1.1455,1.1459,2,1,31,33,1.14537272727
2020-09-23,60,RBX0,1.1452,1.1457,1,2,21,23,1.14674347826
2020-09-23,90,RBX0,1.1451,1.1457,1,2,34,39,1.14475384615
2020-09-23,120,RBX0,1.1479,1.1484,1,2,71,80,1.147265
2020-09-23,150,RBX0,1.1418,1.1424,1,7,93,102,1.14427941176
2020-09-23,180,RBX0,1.1454,1.1461,1,1,53,78,1.14301153846
2020-09-23,210,RBX0,1.1448,1.1455,2,3,113,130,1.14444923077
2020-09-23,240,RBX0,1.1525,1.1531,1,3,372,420,1.15060619048
2020-09-23,270,RBX0,1.1499,1.1505,1,4,650,760,1.15233013158
2020-09-23,300,RBX0,1.1576,1.1581,1,1,357,403,1.15490397022
2020-09-23,330,RBX0,1.1533,1.154,2,1,78,81,1.15588271605
2020-09-23,360,RBX0,1.1563,1.1569,1,2,108,146,1.15708835616
2020-09-23,390,RBX0,1.1538,1.1544,1,2,38,41,1.15555365854
2020-09-23,420,RBX0,1.1546,1.1552,1,3,98,98,1.15430102041
2020-09-23,450,RBX0,1.1552,1.1555,1,1,144,159,1.1541081761
2020-09-23,480,RBX0,1.155,1.1554,1,2,104,118,1.15658983051
2020-09-23,510,RBX0,1.1568,1.1574,1,3,262,290,1.15394275862
2020-09-23,540,RBX0,1.1555,1.156,1,5,400,573,1.15672129145
2020-09-23,570,RBX0,1.1607,1.161,2,1,1437,1856,1.15850193966
2020-09-23,600,RBX0,1.159,1.1593,1,2,889,1094,1.15882047532
2020-09-23,630,RBX0,1.1576,1.158,1,1,1225,1472,1.15670985054
2020-09-23,660,RBX0,1.1676,1.1679,1,1,2890,3656,1.16721408643
2020-09-23,690,RBX0,1.1618,1.1622,3,1,1105,1451,1.16683053067
2020-09-23,720,RBX0,1.1488,1.1492,3,1,1294,1626,1.15543511685
2020-09-23,750,RBX0,1.1568,1.1571,5,4,997,1326,1.15176515837
2020-09-23,780,RBX0,1.1598,1.1601,1,1,1728,2218,1.16514909829
2020-09-23,810,RBX0,1.1591,1.1595,1,2,596,708,1.15971271186
2020-09-23,840,RBX0,1.1532,1.1534,2,2,1043,1401,1.15493840114
2020-09-23,870,RBX0,1.1583,1.1586,3,1,2308,3157,1.15554231866
2020-09-23,900,RBX0,1.1553,1.1556,1,1,378,456,1.15705175439
2020-09-23,930,RBX0,1.1519,1.1523,1,1,259,331,1.1536326284
2020-09-23,960,RBX0,1.1494,1.15,2,2,114,130,1.15100846154
2020-09-23,990,RBX0,1.1493,1.1497,1,1,173,183,1.1502726776
2020-09-23,1020,RBX0,1.1501,1.1509,1,2,,,
2020-09-24,-360,CLX0,39.58,39.61,1,1,1,1,39.6
2020-09-24,-330,CLX0,39.54,39.55,5,5,410,777,39.5903861004
2020-09-24,-300,CLX0,39.47,39.48,5,11,410,679,39.4904270987
2020-09-24,-270,CLX0,39.19,39.21,11,9,1052,2378,39.2831160639
2020-09-24,-240,CLX0,39.32,39.33,5,7,954,1968,39.2931199187
2020-09-24,-210,CLX0,39.42,39.43,10,8,1651,3218,39.4761870727
2020-09-24,-180,CLX0,39.6,39.62,15,28,992,1910,39.5467225131
2020-09-24,-150,CLX0,39.55,39.56,14,10,1165,2208,39.528763587
2020-09-24,-120,CLX0,39.44,39.46,17,14,915,1706,39.495890973
2020-09-24,-90,CLX0,39.54,39.55,7,8,784,1426,39.5152945302
2020-09-24,-60,CLX0,39.49,39.5,7,8,754,1433,39.5198883461
2020-09-24,-30,CLX0,39.45,39.46,12,7,668,1320,39.471280303
2020-09-24,0,CLX0,39.41,39.42,5,11,481,940,39.4210319149
2020-09-24,30,CLX0,39.4,39.41,13,15,326,603,39.4237645108
2020-09-24,60,CLX0,39.4,39.41,9,16,1157,2616,39.3616551988
2020-09-24,90,CLX0,39.61,39.62,2,17,1369,2836,39.5097531735
2020-09-24,120,CLX0,39.73,39.74,9,12,1491,2876,39.6673435327
2020-09-24,150,CLX0,39.59,39.61,24,34,1953,3726,39.6406924316
2020-09-24,180,CLX0,39.59,39.6,6,22,1866,3403,39.5362474287
2020-09-24,210,CLX0,39.55,39.56,22,4,2176,3874,39.6421915333
2020-09-24,240,CLX0,39.7,39.72,21,10,2035,4305,39.5992706156
2020-09-24,270,CLX0,39.58,39.59,3,27,1793,3554,39.6074676421
2020-09-24,300,CLX0,39.55,39.56,7,17,1990,4059,39.5366050751
2020-09-24,330,CLX0,39.63,39.64,14,12,1517,2969,39.6416268104
2020-09-24,360,CLX0,39.8,39.81,16,7,2298,4653,39.8131141199
2020-09-24,390,CLX0,39.92,39.93,19,8,1822,3862,39.9228974625
2020-09-24,420,CLX0,40.01,40.02,13,18,1688,3464,39.9992407621
2020-09-24,450,CLX0,40.05,40.06,12,21,1622,3148,39.9723824651
2020-09-24,480,CLX0,39.96,39.97,3,36,1614,3358,39.9825223347
2020-09-24,510,CLX0,39.86,39.87,2,18,2543,5181,39.8548233932
2020-09-24,540,CLX0,39.65,39.66,23,25,3738,8639,39.6688713972
2020-09-24,570,CLX0,39.96,39.97,40,33,5348,12679,39.788357126
2020-09-24,600,CLX0,39.79,39.8,9,12,7500,17617,39.8657467219
2020-09-24,630,CLX0,40.02,40.03,28,5,7709,18313,40.0483274177
2020-09-24,660,CLX0,39.86,39.87,5,29,6225,13918,39.9126031039
2020-09-24,690,CLX0,39.87,39.88,19,9,5544,12206,39.8550172047
2020-09-24,720,CLX0,39.94,39.95,16,21,3905,8489,39.8449581812
2020-09-24,750,CLX0,39.98,39.99,11,12,3374,7952,40.0030784708
2020-09-24,780,CLX0,39.86,39.87,4,38,2597,5967,39.8472750126
2020-09-24,810,CLX0,40.25,40.26,34,11,3648,9402,40.084444799
2020-09-24,840,CLX0,40.25,40.26,19,22,3453,9068,40.2748621526
2020-09-24,870,CLX0,40.31,40.32,16,75,4821,13534,40.2987475986
2020-09-24,900,CLX0,40.11,40.12,13,22,2053,4930,40.2221399594
2020-09-24,930,CLX0,40.15,40.16,22,15,1145,2881,40.1362165915
2020-09-24,960,CLX0,40.22,40.23,2,44,1033,2537,40.1897516752
2020-09-24,990,CLX0,40.18,40.19,7,15,296,805,40.2146086957
2020-09-24,1020,CLX0,40.18,40.19,4,14,,,
2020-09-24,-360,HOX0,1.1117,1.1119,2,1,1,5,1.1118
2020-09-24,-330,HOX0,1.1103,1.1109,2,1,60,79,1.11212658228
2020-09-24,-300,HOX0,1.1096,1.1102,1,3,18,20,1.10965
2020-09-24,-270,HOX0,1.1042,1.1048,1,1,79,111,1.10734774775
2020-09-24,-240,HOX0,1.1071,1.1076,1,1,58,72,1.10625138889
2020-09-24,-210,HOX0,1.1096,1.1101,1,2,77,82,1.11016707317
2020-09-24,-180,HOX0,1.1142,1.1146,3,1,69,79,1.11306455696
2020-09-24,-150,HOX0,1.1122,1.1129,1,2,61,66,1.11248484848
2020-09-24,-120,HOX0,1.1094,1.1099,1,1,32,35,1.11098857143
2020-09-24,-90,HOX0,1.1117,1.1122,1,3,37,40,1.111705
2020-09-24,-60,HOX0,1.1106,1.111,2,1,8,8,1.111575
2020-09-24,-30,HOX0,1.1101,1.1105,1,1,25,26,1.11095
2020-09-24,0,HOX0,1.1088,1.1092,1,1,13,16,1.109225
2020-09-24,30,HOX0,1.1086,1.109,1,1,15,15,1.10896
2020-09-24,60,HOX0,1.1081,1.1086,2,1,40,51,1.10770392157
2020-09-24,90,HOX0,1.1125,1.1131,1,2,9,9,1.11031111111
2020-09-24,120,HOX0,1.1153,1.1156,3,1,52,61,1.11426557377
2020-09-24,150,HOX0,1.1112,1.1117,4,2,105,120,1.11383083333
2020-09-24,180,HOX0,1.1111,1.1115,2,1,63,68,1.10958529412
2020-09-24,210,HOX0,1.1084,1.1087,2,1,240,265,1.11103056604
2020-09-24,240,HOX0,1.112,1.1121,1,1,243,268,1.10908507463
2020-09-24,270,HOX0,1.111,1.1112,2,3,364,412,1.11034441748
2020-09-24,300,HOX0,1.1121,1.1124,1,4,362,412,1.10987038835
2020-09-24,330,HOX0,1.1158,1.116,2,1,385,430,1.11481860465
2020-09-24,360,HOX0,1.1172,1.1175,3,3,448,513,1.11879961014
2020-09-24,390,HOX0,1.1179,1.1181,1,6,251,294,1.11850918367
2020-09-24,420,HOX0,1.1175,1.1178,3,2,309,351,1.11828005698
2020-09-24,450,HOX0,1.1174,1.1177,2,1,278,333,1.11615975976
2020-09-24,480,HOX0,1.1155,1.1157,2,1,454,535,1.11507009346
2020-09-24,510,HOX0,1.1143,1.1146,1,1,467,559,1.11366100179
2020-09-24,540,HOX0,1.108,1.1083,1,2,696,875,1.10976765714
2020-09-24,570,HOX0,1.1172,1.1175,2,14,1674,2169,1.11310567082
2020-09-24,600,HOX0,1.1123,1.1125,1,1,2079,2686,1.11379143708
2020-09-24,630,HOX0,1.1199,1.1201,3,1,1690,2176,1.11793258272
2020-09-24,660,HOX0,1.1134,1.1137,5,2,1052,1332,1.11621584084
2020-09-24,690,HOX0,1.1123,1.1126,2,1,1195,1541,1.11297806619
2020-09-24,720,HOX0,1.1148,1.115,1,1,1133,1679,1.11183228112
2020-09-24,750,HOX0,1.1153,1.1155,1,1,864,1124,1.11557686833
2020-09-24,780,HOX0,1.1122,1.1124,4,1,1006,1192,1.11270578859
2020-09-24,810,HOX0,1.1214,1.1215,2,1,1211,1558,1.11584878049
2020-09-24,840,HOX0,1.1242,1.1245,2,5,1117,1422,1.12314127989
2020-09-24,870,HOX0,1.1265,1.1267,1,3,2397,3256,1.1254617629
2020-09-24,900,HOX0,1.1212,1.1215,1,4,639,852,1.12436420188
2020-09-24,930,HOX0,1.1224,1.1226,1,1,263,312,1.12238429487
2020-09-24,960,HOX0,1.1238,1.1242,3,8,188,233,1.12356008584
2020-09-24,990,HOX0,1.1229,1.1232,1,1,111,140,1.12377571429
2020-09-24,1020,HOX0,1.1228,1.1236,2,1,,,
2020-09-24,-360,RBX0,1.1507,1.1519,1,1,0,0,
2020-09-24,-330,RBX0,1.1484,1.149,2,1,32,45,1.14963333333
2020-09-24,-300,RBX0,1.1479,1.1487,1,2,12,15,1.14808
2020-09-24,-270,RBX0,1.1412,1.1418,1,3,140,181,1.1454640884
2020-09-24,-240,RBX0,1.1442,1.1453,1,2,20,22,1.14284545455
2020-09-24,-210,RBX0,1.1463,1.1472,1,2,43,46,1.14745434783
2020-09-24,-180,RBX0,1.1502,1.1512,1,2,28,36,1.14936944444
2020-09-24,-150,RBX0,1.1491,1.1503,1,2,39,50,1.149176
2020-09-24,-120,RBX0,1.1464,1.1477,1,2,6,6,1.14718333333
2020-09-24,-90,RBX0,1.1488,1.1497,1,2,7,7,1.14855714286
2020-09-24,-60,RBX0,1.149,1.15,2,1,55,63,1.15076031746
2020-09-24,-30,RBX0,1.1494,1.1499,1,4,66,73,1.14938493151
2020-09-24,0,RBX0,1.1469,1.1479,1,2,18,18,1.14776666667
2020-09-24,30,RBX0,1.1469,1.1478,1,2,8,8,1.147725
2020-09-24,60,RBX0,1.1458,1.1465,1,2,35,49,1.14553061224
2020-09-24,90,RBX0,1.1506,1.1513,1,1,30,38,1.14816578947
2020-09-24,120,RBX0,1.1537,1.1544,1,1,52,62,1.1520483871
2020-09-24,150,RBX0,1.1487,1.1496,1,5,125,155,1.14997935484
2020-09-24,180,RBX0,1.1481,1.1488,1,1,27,30,1.14715
2020-09-24,210,RBX0,1.1464,1.1471,2,2,90,114,1.14963684211
2020-09-24,240,RBX0,1.1514,1.1522,1,1,68,71,1.14910422535
2020-09-24,270,RBX0,1.146,1.1462,2,1,336,396,1.14800252525
2020-09-24,300,RBX0,1.1462,1.1468,2,2,173,209,1.14555358852
2020-09-24,330,RBX0,1.1484,1.1488,1,1,157,161,1.14801925466
2020-09-24,360,RBX0,1.1528,1.1532,1,1,176,202,1.15296633663
2020-09-24,390,RBX0,1.1536,1.1543,2,1,168,186,1.15514247312
2020-09-24,420,RBX0,1.1553,1.1559,1,1,45,52,1.15511346154
2020-09-24,450,RBX0,1.1577,1.1582,1,1,129,151,1.15530198675
2020-09-24,480,RBX0,1.1548,1.1552,1,1,90,96,1.15629895833
2020-09-24,510,RBX0,1.1537,1.1544,1,2,234,297,1.15304410774
2020-09-24,540,RBX0,1.1468,1.1472,1,1,362,440,1.14791522727
2020-09-24,570,RBX0,1.1554,1.1557,1,4,1269,1516,1.15112361478
2020-09-24,600,RBX0,1.1526,1.153,2,1,1382,1604,1.15196078554
2020-09-24,630,RBX0,1.1624,1.1627,2,1,1629,2034,1.1607707473
2020-09-24,660,RBX0,1.1602,1.1605,1,1,1423,1700,1.16084523529
2020-09-24,690,RBX0,1.162,1.1625,2,5,1607,2035,1.16144363636
2020-09-24,720,RBX0,1.1656,1.1658,1,3,1148,1503,1.16265409182
2020-09-24,750,RBX0,1.1663,1.1666,1,3,964,1321,1.16757335352
2020-09-24,780,RBX0,1.1629,1.1632,1,1,891,1157,1.161893172
2020-09-24,810,RBX0,1.1737,1.1739,3,2,837,1058,1.16835482042
2020-09-24,840,RBX0,1.174,1.1745,1,7,704,893,1.17415419933
2020-09-24,870,RBX0,1.1736,1.1738,1,4,1482,2021,1.17331608115
2020-09-24,900,RBX0,1.1671,1.1674,1,2,319,436,1.17055550459
2020-09-24,930,RBX0,1.1685,1.1688,1,3,161,234,1.16847051282
2020-09-24,960,RBX0,1.1695,1.17,2,3,79,99,1.16985656566
2020-09-24,990,RBX0,1.169,1.1696,1,2,63,78,1.17025128205
2020-09-24,1020,RBX0,1.1687,1.1695,1,1,,,
2020-09-25,-360,CLX0,40.15,40.16,1,1,1,6,40.15
2020-09-25,-330,CLX0,40.24,40.25,8,4,258,475,40.2216210526
2020-09-25,-300,CLX0,40.27,40.28,3,12,212,437,40.2709839817
2020-09-25,-270,CLX0,40.3,40.31,46,2,204,369,40.2905691057
2020-09-25,-240,CLX0,40.31,40.32,13,4,399,857,40.3275612602
2020-09-25,-210,CLX0,40.25,40.26,8,7,1134,1978,40.2514560162
2020-09-25,-180,CLX0,40.39,40.41,14,18,816,1481,40.3390141796
2020-09-25,-150,CLX0,40.43,40.44,9,15,1005,1843,40.4010580575
2020-09-25,-120,CLX0,40.37,40.38,12,7,632,1207,40.399925435
2020-09-25,-90,CLX0,40.39,40.4,14,11,449,886,40.3966704289
2020-09-25,-60,CLX0,40.46,40.47,11,13,607,1141,40.4476862401
2020-09-25,-30,CLX0,40.62,40.63,8,14,1129,2617,40.5627779901
2020-09-25,0,CLX0,40.49,40.5,9,16,765,1708,40.5134367681
2020-09-25,30,CLX0,40.56,40.57,2,27,375,813,40.539397294
2020-09-25,60,CLX0,40.53,40.54,12,17,423,807,40.5437546468
2020-09-25,90,CLX0,40.48,40.49,16,12,546,1016,40.5220669291
2020-09-25,120,CLX0,40.4,40.41,5,20,868,1725,40.4620347826
2020-09-25,150,CLX0,40.25,40.26,14,13,1840,4058,40.2632479054
2020-09-25,180,CLX0,40.38,40.39,10,22,1279,2545,40.2908840864
2020-09-25,210,CLX0,40.52,40.53,12,8,2497,4660,40.4200343348
2020-09-25,240,CLX0,40.41,40.42,5,17,1644,3222,40.4505772812
2020-09-25,270,CLX0,40.41,40.42,4,21,1863,3976,40.3858903421
2020-09-25,300,CLX0,40.55,40.56,8,19,2189,4355,40.5156142365
2020-09-25,330,CLX0,40.41,40.42,27,7,1386,2875,40.5056904348
2020-09-25,360,CLX0,40.37,40.38,13,17,1431,2909,40.3931969749
2020-09-25,390,CLX0,40.18,40.19,33,10,1752,3863,40.2601268444
2020-09-25,420,CLX0,39.94,39.95,31,18,2535,5395,40.0906821131
2020-09-25,450,CLX0,39.81,39.82,12,20,3554,8168,39.8397661606
2020-09-25,480,CLX0,39.94,39.95,2,21,2365,4896,39.9033353758
2020-09-25,510,CLX0,40.06,40.07,13,7,2626,6082,39.965973364
2020-09-25,540,CLX0,40.12,40.13,25,1,2232,5127,40.0616520382
2020-09-25,570,CLX0,39.94,39.95,5,22,3809,7539,39.951850378
2020-09-25,600,CLX0,39.93,39.95,28,48,5474,11516,39.9555079889
2020-09-25,630,CLX0,39.86,39.87,23,13,5053,10786,39.8779260152
2020-09-25,660,CLX0,40.07,40.08,24,8,4976,12052,40.0212736475
2020-09-25,690,CLX0,40.09,40.1,16,24,3326,7293,40.0636706431
2020-09-25,720,CLX0,40.07,40.09,41,50,3449,8186,40.0432824334
2020-09-25,750,CLX0,40.04,40.05,11,36,1954,5205,40.0574255524
2020-09-25,780,CLX0,40.24,40.25,19,33,2680,6188,40.1872365869
2020-09-25,810,CLX0,40.16,40.17,15,35,1618,4253,40.1759040677
2020-09-25,840,CLX0,40.24,40.25,8,39,1802,5100,40.2022843137
2020-09-25,870,CLX0,40.22,40.23,31,44,3233,9105,40.2749170785
2020-09-25,900,CLX0,40.23,40.24,30,11,1405,4023,40.2082724335
2020-09-25,930,CLX0,40.26,40.27,15,14,733,2282,40.250907099
2020-09-25,960,CLX0,40.05,40.06,42,13,943,2074,40.1494985535
2020-09-25,990,CLX0,40.11,40.12,6,15,337,867,40.1084775087
2020-09-25,1020,CLX0,40.03,40.04,7,8,,,
2020-09-25,-360,HOX0,1.1211,1.1228,1,1,1,4,1.1201
2020-09-25,-330,HOX0,1.1241,1.1249,5,2,37,45,1.12324
2020-09-25,-300,HOX0,1.125,1.1258,4,2,34,48,1.12516041667
2020-09-25,-270,HOX0,1.1255,1.1261,5,1,7,8,1.1254375
2020-09-25,-240,HOX0,1.1255,1.1261,2,3,31,44,1.12626363636
2020-09-25,-210,HOX0,1.1236,1.1243,1,4,92,101,1.1248950495
2020-09-25,-180,HOX0,1.1272,1.1276,2,1,54,77,1.1268
2020-09-25,-150,HOX0,1.129,1.1295,3,2,101,122,1.12908852459
2020-09-25,-120,HOX0,1.1278,1.1282,2,2,31,33,1.12845454545
2020-09-25,-90,HOX0,1.1285,1.129,2,2,24,27,1.12872962963
2020-09-25,-60,HOX0,1.1298,1.1302,1,1,41,58,1.13001034483
2020-09-25,-30,HOX0,1.1336,1.134,2,2,154,204,1.1327745098
2020-09-25,0,HOX0,1.1303,1.1306,1,1,43,54,1.13136851852
2020-09-25,30,HOX0,1.1324,1.1327,1,1,18,19,1.13164736842
2020-09-25,60,HOX0,1.1323,1.1327,1,3,20,29,1.13246551724
2020-09-25,90,HOX0,1.1311,1.1318,5,3,18,25,1.13308
2020-09-25,120,HOX0,1.1295,1.1299,1,2,40,43,1.13071395349
2020-09-25,150,HOX0,1.1258,1.1262,2,2,69,81,1.12633580247
2020-09-25,180,HOX0,1.1295,1.1298,1,1,50,56,1.12719285714
2020-09-25,210,HOX0,1.1332,1.1335,1,2,265,294,1.13078537415
2020-09-25,240,HOX0,1.1316,1.1319,2,2,163,177,1.13221525424
2020-09-25,270,HOX0,1.132,1.1322,1,2,335,411,1.13094428224
2020-09-25,300,HOX0,1.1354,1.1357,1,2,353,408,1.13436666667
2020-09-25,330,HOX0,1.1325,1.1329,4,3,272,297,1.13444511785
2020-09-25,360,HOX0,1.1308,1.1311,1,1,198,225,1.13081911111
2020-09-25,390,HOX0,1.1278,1.1281,1,4,274,309,1.12961456311
2020-09-25,420,HOX0,1.1222,1.1225,4,4,414,481,1.12490977131
2020-09-25,450,HOX0,1.1201,1.1204,5,2,686,843,1.12084472123
2020-09-25,480,HOX0,1.1238,1.124,1,1,387,436,1.1229662844
2020-09-25,510,HOX0,1.126,1.1262,5,1,641,781,1.12430307298
2020-09-25,540,HOX0,1.1298,1.13,1,3,850,1120,1.12724044643
2020-09-25,570,HOX0,1.1257,1.1259,8,1,1529,1872,1.12554444444
2020-09-25,600,HOX0,1.1281,1.1284,2,2,2404,2972,1.12853317631
2020-09-25,630,HOX0,1.1248,1.1251,1,2,1699,2123,1.12593325483
2020-09-25,660,HOX0,1.1252,1.1255,4,4,1296,1558,1.12592381258
2020-09-25,690,HOX0,1.1258,1.126,2,1,1221,1545,1.12572459547
2020-09-25,720,HOX0,1.127,1.1273,1,4,1229,1555,1.12597466238
2020-09-25,750,HOX0,1.1271,1.1274,4,6,894,1218,1.12762479475
2020-09-25,780,HOX0,1.1294,1.1296,1,2,1064,1394,1.1291045911
2020-09-25,810,HOX0,1.1274,1.1276,1,2,672,847,1.12838347107
2020-09-25,840,HOX0,1.1311,1.1314,3,3,849,1107,1.12918112014
2020-09-25,870,HOX0,1.1333,1.1335,3,4,1782,2315,1.1326062635
2020-09-25,900,HOX0,1.1329,1.1332,9,2,634,1047,1.13212043935
2020-09-25,930,HOX0,1.1347,1.1349,2,2,377,457,1.13410218818
2020-09-25,960,HOX0,1.132,1.1322,1,2,282,340,1.13358176471
2020-09-25,990,HOX0,1.1318,1.1326,3,3,95,131,1.13285267176
2020-09-25,1020,HOX0,1.1314,1.1319,7,1,,,
2020-09-25,-360,RBX0,1.168,1.1696,1,1,0,0,
2020-09-25,-330,RBX0,1.1704,1.1709,1,2,27,31,1.17005806452
2020-09-25,-300,RBX0,1.1711,1.1718,2,2,11,12,1.17131666667
2020-09-25,-270,RBX0,1.1715,1.1724,1,3,7,9,1.17118888889
2020-09-25,-240,RBX0,1.1717,1.1723,2,1,21,26,1.17302307692
2020-09-25,-210,RBX0,1.171,1.1717,1,2,63,68,1.17134264706
2020-09-25,-180,RBX0,1.1746,1.1754,2,1,23,26,1.17378846154
2020-09-25,-150,RBX0,1.1765,1.177,3,1,17,23,1.17608695652
2020-09-25,-120,RBX0,1.1744,1.1753,1,5,9,10,1.17572
2020-09-25,-90,RBX0,1.1753,1.176,1,2,27,35,1.17585714286
2020-09-25,-60,RBX0,1.1766,1.1772,2,1,9,11,1.17617272727
2020-09-25,-30,RBX0,1.1802,1.181,2,1,57,75,1.17885866667
2020-09-25,0,RBX0,1.1769,1.1776,4,1,20,22,1.17785454545
2020-09-25,30,RBX0,1.1783,1.179,1,42,13,15,1.17824
2020-09-25,60,RBX0,1.1778,1.1788,2,3,11,13,1.17833076923
2020-09-25,90,RBX0,1.1768,1.1778,3,1,31,50,1.17886
2020-09-25,120,RBX0,1.175,1.1754,1,1,50,63,1.17663968254
2020-09-25,150,RBX0,1.1716,1.1721,1,1,83,93,1.17258709677
2020-09-25,180,RBX0,1.175,1.1754,1,2,37,43,1.17240930233
2020-09-25,210,RBX0,1.1782,1.1788,1,2,121,137,1.17541605839
2020-09-25,240,RBX0,1.1745,1.1748,2,1,123,152,1.17638486842
2020-09-25,270,RBX0,1.1749,1.1753,1,1,247,270,1.17513185185
2020-09-25,300,RBX0,1.1807,1.1815,4,1,249,315,1.17850730159
2020-09-25,330,RBX0,1.1776,1.1779,1,1,201,292,1.18013424658
2020-09-25,360,RBX0,1.1761,1.1766,1,3,154,166,1.17638192771
2020-09-25,390,RBX0,1.1718,1.1722,2,1,165,179,1.17475865922
2020-09-25,420,RBX0,1.1657,1.1662,4,1,212,273,1.16898534799
2020-09-25,450,RBX0,1.1644,1.1649,1,3,258,319,1.16402884013
2020-09-25,480,RBX0,1.1685,1.1691,1,6,136,150,1.16798333333
2020-09-25,510,RBX0,1.1708,1.1715,5,2,195,236,1.16830974576
2020-09-25,540,RBX0,1.1732,1.1736,1,1,354,507,1.17082268245
2020-09-25,570,RBX0,1.1693,1.1696,3,2,1145,1463,1.16715126452
2020-09-25,600,RBX0,1.1757,1.1761,2,1,1646,1989,1.17417164404
2020-09-25,630,RBX0,1.175,1.1754,3,1,1587,2166,1.17560180055
2020-09-25,660,RBX0,1.1761,1.1764,1,2,925,1166,1.17660360206
2020-09-25,690,RBX0,1.1809,1.1812,2,2,961,1270,1.17874149606
2020-09-25,720,RBX0,1.1797,1.18,3,1,722,886,1.17821241535
2020-09-25,750,RBX0,1.1814,1.1817,2,3,574,737,1.17987842605
2020-09-25,780,RBX0,1.1844,1.1847,1,3,892,1184,1.18471815878
2020-09-25,810,RBX0,1.1843,1.1846,1,1,650,779,1.18458998716
2020-09-25,840,RBX0,1.1877,1.1881,1,2,879,1164,1.18682852234
2020-09-25,870,RBX0,1.1895,1.1896,1,2,2297,3447,1.18905657093
2020-09-25,900,RBX0,1.1898,1.1902,3,3,500,643,1.18877449456
2020-09-25,930,RBX0,1.1911,1.1915,1,3,286,365,1.19145780822
2020-09-25,960,RBX0,1.1884,1.1888,1,1,279,327,1.19064923547
2020-09-25,990,RBX0,1.1892,1.19,1,1,61,72,1.18964305556
2020-09-25,1020,RBX0,1.1876,1.189,1,1,,,
